  0
SECTION
  2
HEADER
  9
$ACADVER
  1
AC1014
  9
$ACADMAINTVER
 70
     9
  9
$DWGCODEPAGE
  3
ANSI_1252
  9
$INSBASE
 10
0.0
 20
0.0
 30
0.0
  9
$EXTMIN
 10
1.000000000000000E+20
 20
1.000000000000000E+20
 30
1.000000000000000E+20
  9
$EXTMAX
 10
-1.000000000000000E+20
 20
-1.000000000000000E+20
 30
-1.000000000000000E+20
  9
$LIMMIN
 10
0.0
 20
0.0
  9
$LIMMAX
 10
420.0
 20
297.0
  9
$ORTHOMODE
 70
     0
  9
$REGENMODE
 70
     1
  9
$FILLMODE
 70
     1
  9
$QTEXTMODE
 70
     0
  9
$MIRRTEXT
 70
     1
  9
$DRAGMODE
 70
     2
  9
$LTSCALE
 40
1.0
  9
$OSMODE
 70
    37
  9
$ATTMODE
 70
     1
  9
$TEXTSIZE
 40
2.5
  9
$TRACEWID
 40
1.0
  9
$TEXTSTYLE
  7
STANDARD
  9
$CLAYER
  8
0
  9
$CELTYPE
  6
BYLAYER
  9
$CECOLOR
 62
   256
  9
$CELTSCALE
 40
1.0
  9
$DELOBJ
 70
     1
  9
$DISPSILH
 70
     0
  9
$DIMSCALE
 40
1.0
  9
$DIMASZ
 40
2.5
  9
$DIMEXO
 40
0.625
  9
$DIMDLI
 40
3.75
  9
$DIMRND
 40
0.0
  9
$DIMDLE
 40
0.0
  9
$DIMEXE
 40
1.25
  9
$DIMTP
 40
0.0
  9
$DIMTM
 40
0.0
  9
$DIMTXT
 40
2.5
  9
$DIMCEN
 40
2.5
  9
$DIMTSZ
 40
0.0
  9
$DIMTOL
 70
     0
  9
$DIMLIM
 70
     0
  9
$DIMTIH
 70
     0
  9
$DIMTOH
 70
     0
  9
$DIMSE1
 70
     0
  9
$DIMSE2
 70
     0
  9
$DIMTAD
 70
     1
  9
$DIMZIN
 70
     8
  9
$DIMBLK
  1

  9
$DIMASO
 70
     1
  9
$DIMSHO
 70
     1
  9
$DIMPOST
  1

  9
$DIMAPOST
  1

  9
$DIMALT
 70
     0
  9
$DIMALTD
 70
     3
  9
$DIMALTF
 40
0.03937007874016
  9
$DIMLFAC
 40
1.0
  9
$DIMTOFL
 70
     1
  9
$DIMTVP
 40
0.0
  9
$DIMTIX
 70
     0
  9
$DIMSOXD
 70
     0
  9
$DIMSAH
 70
     0
  9
$DIMBLK1
  1

  9
$DIMBLK2
  1

  9
$DIMSTYLE
  2
ISO-25
  9
$DIMCLRD
 70
     0
  9
$DIMCLRE
 70
     0
  9
$DIMCLRT
 70
     0
  9
$DIMTFAC
 40
1.0
  9
$DIMGAP
 40
0.625
  9
$DIMJUST
 70
     0
  9
$DIMSD1
 70
     0
  9
$DIMSD2
 70
     0
  9
$DIMTOLJ
 70
     0
  9
$DIMTZIN
 70
     8
  9
$DIMALTZ
 70
     0
  9
$DIMALTTZ
 70
     0
  9
$DIMFIT
 70
     3
  9
$DIMUPT
 70
     0
  9
$DIMUNIT
 70
     2
  9
$DIMDEC
 70
     2
  9
$DIMTDEC
 70
     2
  9
$DIMALTU
 70
     2
  9
$DIMALTTD
 70
     3
  9
$DIMTXSTY
  7
STANDARD
  9
$DIMAUNIT
 70
     0
  9
$LUNITS
 70
     2
  9
$LUPREC
 70
     4
  9
$SKETCHINC
 40
1.0
  9
$FILLETRAD
 40
0.0
  9
$AUNITS
 70
     0
  9
$AUPREC
 70
     0
  9
$MENU
  1
.
  9
$ELEVATION
 40
0.0
  9
$PELEVATION
 40
0.0
  9
$THICKNESS
 40
0.0
  9
$LIMCHECK
 70
     0
  9
$CHAMFERA
 40
0.0
  9
$CHAMFERB
 40
0.0
  9
$CHAMFERC
 40
0.0
  9
$CHAMFERD
 40
0.0
  9
$SKPOLY
 70
     0
  9
$TDCREATE
 40
2461166.580475625
  9
$TDUPDATE
 40
2461166.580475718
  9
$TDINDWG
 40
0.0000000116
  9
$TDUSRTIMER
 40
0.0000000116
  9
$USRTIMER
 70
     1
  9
$ANGBASE
 50
0.0
  9
$ANGDIR
 70
     0
  9
$PDMODE
 70
     0
  9
$PDSIZE
 40
0.0
  9
$PLINEWID
 40
0.0
  9
$COORDS
 70
     1
  9
$SPLFRAME
 70
     0
  9
$SPLINETYPE
 70
     6
  9
$SPLINESEGS
 70
     8
  9
$ATTDIA
 70
     0
  9
$ATTREQ
 70
     1
  9
$HANDLING
 70
     1
  9
$HANDSEED
  5
1000034B
  9
$SURFTAB1
 70
     6
  9
$SURFTAB2
 70
     6
  9
$SURFTYPE
 70
     6
  9
$SURFU
 70
     6
  9
$SURFV
 70
     6
  9
$UCSNAME
  2

  9
$UCSORG
 10
0.0
 20
0.0
 30
0.0
  9
$UCSXDIR
 10
1.0
 20
0.0
 30
0.0
  9
$UCSYDIR
 10
0.0
 20
1.0
 30
0.0
  9
$PUCSNAME
  2

  9
$PUCSORG
 10
0.0
 20
0.0
 30
0.0
  9
$PUCSXDIR
 10
1.0
 20
0.0
 30
0.0
  9
$PUCSYDIR
 10
0.0
 20
1.0
 30
0.0
  9
$USERI1
 70
     0
  9
$USERI2
 70
     0
  9
$USERI3
 70
     0
  9
$USERI4
 70
     0
  9
$USERI5
 70
     0
  9
$USERR1
 40
0.0
  9
$USERR2
 40
0.0
  9
$USERR3
 40
0.0
  9
$USERR4
 40
0.0
  9
$USERR5
 40
0.0
  9
$WORLDVIEW
 70
     1
  9
$SHADEDGE
 70
     3
  9
$SHADEDIF
 70
    70
  9
$TILEMODE
 70
     1
  9
$MAXACTVP
 70
    64
  9
$PINSBASE
 10
0.0
 20
0.0
 30
0.0
  9
$PLIMCHECK
 70
     0
  9
$PEXTMIN
 10
1.000000000000000E+20
 20
1.000000000000000E+20
 30
1.000000000000000E+20
  9
$PEXTMAX
 10
-1.000000000000000E+20
 20
-1.000000000000000E+20
 30
-1.000000000000000E+20
  9
$PLIMMIN
 10
0.0
 20
0.0
  9
$PLIMMAX
 10
420.0
 20
297.0
  9
$UNITMODE
 70
     0
  9
$VISRETAIN
 70
     1
  9
$PLINEGEN
 70
     0
  9
$PSLTSCALE
 70
     1
  9
$TREEDEPTH
 70
  3020
  9
$PICKSTYLE
 70
     1
  9
$CMLSTYLE
  2
STANDARD
  9
$CMLJUST
 70
     0
  9
$CMLSCALE
 40
20.0
  9
$PROXYGRAPHICS
 70
     1
  9
$MEASUREMENT
 70
     1
  0
ENDSEC
  0
SECTION
  2
CLASSES
  0
CLASS
  1
ACDBDICTIONARYWDFLT
  2
AcDbDictionaryWithDefault
  3
ObjectDBX Classes
 90
        0
280
     0
281
     0
  0
CLASS
  1
VISUALSTYLE
  2
AcDbVisualStyle
  3
ObjectDBX Classes
 90
     4095
280
     0
281
     0
  0
CLASS
  1
MATERIAL
  2
AcDbMaterial
  3
ObjectDBX Classes
 90
     1153
280
     0
281
     0
  0
CLASS
  1
SCALE
  2
AcDbScale
  3
ObjectDBX Classes
 90
     1153
280
     0
281
     0
  0
CLASS
  1
TABLESTYLE
  2
AcDbTableStyle
  3
ObjectDBX Classes
 90
     4095
280
     0
281
     0
  0
CLASS
  1
MLEADERSTYLE
  2
AcDbMLeaderStyle
  3
ACDB_MLEADERSTYLE_CLASS
 90
     4095
280
     0
281
     0
  0
CLASS
  1
SUN
  2
AcDbSun
  3
SCENEOE
 90
     1153
280
     0
281
     0
  0
CLASS
  1
SORTENTSTABLE
  2
AcDbSortentsTable
  3
ObjectDBX Classes
 90
        0
280
     0
281
     0
  0
CLASS
  1
DICTIONARYVAR
  2
AcDbDictionaryVar
  3
ObjectDBX Classes
 90
        0
280
     0
281
     0
  0
CLASS
  1
XRECORD
  2
AcDbXrecord
  3
ObjectDBX Classes
 90
        0
280
     0
281
     0
  0
CLASS
  1
LWPOLYLINE
  2
AcDbPolyline
  3
ObjectDBX Classes
 90
        0
280
     0
281
     1
  0
CLASS
  1
HATCH
  2
AcDbHatch
  3
ObjectDBX Classes
 90
        0
280
     0
281
     1
  0
CLASS
  1
ACDBPLACEHOLDER
  2
AcDbPlaceHolder
  3
ObjectDBX Classes
 90
        0
280
     0
281
     0
  0
CLASS
  1
LAYOUT
  2
AcDbLayout
  3
ObjectDBX Classes
 90
        0
280
     0
281
     0
  0
ENDSEC
  0
SECTION
  2
TABLES
  0
TABLE
  2
VPORT
  5
8
102
{ACAD_XDICTIONARY
360
10000340
102
}
330
0
100
AcDbSymbolTable
 70
     1
  0
VPORT
  5
29
330
8
100
AcDbSymbolTableRecord
100
AcDbViewportTableRecord
  2
*ACTIVE
 70
     0
 10
0.0
 20
0.0
 11
1.0
 21
1.0
 12
344.1869158878504
 22
148.5
 13
0.0
 23
0.0
 14
10.0
 24
10.0
 15
10.0
 25
10.0
 16
0.0
 26
0.0
 36
1.0
 17
0.0
 27
0.0
 37
0.0
 40
297.0
 41
1.972972972850329
 42
50.0
 43
0.0
 44
0.0
 50
0.0
 51
0.0
 71
     0
 72
   100
 73
     1
 74
     3
 75
     0
 76
     0
 77
     0
 78
     0
  0
ENDTAB
  0
TABLE
  2
LTYPE
  5
5
330
0
100
AcDbSymbolTable
 70
     7
  0
LTYPE
  5
14
330
5
100
AcDbSymbolTableRecord
100
AcDbLinetypeTableRecord
  2
BYBLOCK
 70
     0
  3

 72
    65
 73
     0
 40
0.0
  0
LTYPE
  5
15
330
5
100
AcDbSymbolTableRecord
100
AcDbLinetypeTableRecord
  2
BYLAYER
 70
     0
  3

 72
    65
 73
     0
 40
0.0
  0
LTYPE
  5
16
330
5
100
AcDbSymbolTableRecord
100
AcDbLinetypeTableRecord
  2
CONTINUOUS
 70
     0
  3
Solid line
 72
    65
 73
     0
 40
0.0
  0
LTYPE
  5
10000024
330
5
100
AcDbSymbolTableRecord
100
AcDbLinetypeTableRecord
  2
ONS_PHANTOM
 70
     0
  3
Onshape Phantom line ______ __ __ ______
 72
    65
 73
     6
 40
0.4999999999999999
 49
0.25
 74
     0
 49
-0.05
 74
     0
 49
0.05
 74
     0
 49
-0.05
 74
     0
 49
0.05
 74
     0
 49
-0.05
 74
     0
  0
LTYPE
  5
10000025
330
5
100
AcDbSymbolTableRecord
100
AcDbLinetypeTableRecord
  2
CENTER
 70
     0
  3
Center line ____ _ ____ _ ____ _
 72
    65
 73
     4
 40
0.7874015748031495
 49
0.4921259842519685
 74
     0
 49
-0.0984251968503937
 74
     0
 49
0.0984251968503937
 74
     0
 49
-0.0984251968503937
 74
     0
  0
LTYPE
  5
10000026
330
5
100
AcDbSymbolTableRecord
100
AcDbLinetypeTableRecord
  2
DASHED
 70
     0
  3
Dashed line __ __ __ __ __
 72
    65
 73
     2
 40
0.75
 49
0.5
 74
     0
 49
-0.25
 74
     0
  0
LTYPE
  5
10000027
330
5
100
AcDbSymbolTableRecord
100
AcDbLinetypeTableRecord
  2
ONS_DASHDOT
 70
     0
  3
Onshape Dashed with Dot _ . ____ . ____
 72
    65
 73
     4
 40
0.71
 49
0.5
 74
     0
 49
-0.1
 74
     0
 49
0.01
 74
     0
 49
-0.1
 74
     0
  0
LTYPE
  5
10000028
330
5
100
AcDbSymbolTableRecord
100
AcDbLinetypeTableRecord
  2
ONS_DOTTED
 70
     0
  3
Onshape Dotted line . . . . . . .
 72
    65
 73
     2
 40
0.11
 49
0.01
 74
     0
 49
-0.1
 74
     0
  0
LTYPE
  5
10000029
330
5
100
AcDbSymbolTableRecord
100
AcDbLinetypeTableRecord
  2
HIDDEN
 70
     0
  3
Hidden line ____ ____ ____ ____ 
 72
    65
 73
     2
 40
0.15
 49
0.1
 74
     0
 49
-0.05
 74
     0
  0
ENDTAB
  0
TABLE
  2
LAYER
  5
2
330
0
100
AcDbSymbolTable
 70
    48
  0
LAYER
  5
10
330
2
100
AcDbSymbolTableRecord
100
AcDbLayerTableRecord
  2
0
 70
     0
 62
     7
  6
CONTINUOUS
  0
LAYER
  5
1000002A
330
2
100
AcDbSymbolTableRecord
100
AcDbLayerTableRecord
  2
SECTION_CUTTING_LINE
 70
     0
 62
     7
  6
ONS_DASHDOT
  0
LAYER
  5
1000002B
330
2
100
AcDbSymbolTableRecord
100
AcDbLayerTableRecord
  2
DETAIL_VIEW_BORDER
 70
     0
 62
     7
  6
CONTINUOUS
  0
LAYER
  5
1000002C
330
2
100
AcDbSymbolTableRecord
100
AcDbLayerTableRecord
  2
DETAIL_VIEW_PARENT_BORDER
 70
     0
 62
     7
  6
ONS_PHANTOM
  0
LAYER
  5
1000002D
330
2
100
AcDbSymbolTableRecord
100
AcDbLayerTableRecord
  2
TEXT
 70
     0
 62
     7
  6
CONTINUOUS
  0
LAYER
  5
1000002E
330
2
100
AcDbSymbolTableRecord
100
AcDbLayerTableRecord
  2
SKETCHED_GEOMETRY
 70
     0
 62
    -7
  6
CONTINUOUS
  0
LAYER
  5
1000002F
330
2
100
AcDbSymbolTableRecord
100
AcDbLayerTableRecord
  2
VIRTUAL_SHARPS
 70
     0
 62
    -7
  6
CONTINUOUS
  0
LAYER
  5
10000030
330
2
100
AcDbSymbolTableRecord
100
AcDbLayerTableRecord
  2
CENTERLINES
 70
     0
 62
    -7
  6
CENTER
  0
LAYER
  5
10000031
330
2
100
AcDbSymbolTableRecord
100
AcDbLayerTableRecord
  2
CENTERMARKS
 70
     0
 62
    -7
  6
CONTINUOUS
  0
LAYER
  5
10000032
330
2
100
AcDbSymbolTableRecord
100
AcDbLayerTableRecord
  2
TABLES
 70
     0
 62
     7
  6
CONTINUOUS
  0
LAYER
  5
10000033
330
2
100
AcDbSymbolTableRecord
100
AcDbLayerTableRecord
  2
IMAGES
 70
     0
 62
    -7
  6
CONTINUOUS
  0
LAYER
  5
10000034
330
2
100
AcDbSymbolTableRecord
100
AcDbLayerTableRecord
  2
ANNOTATION_LINES
 70
     0
 62
    -7
  6
CONTINUOUS
  0
LAYER
  5
10000035
330
2
100
AcDbSymbolTableRecord
100
AcDbLayerTableRecord
  2
ANNOTATION_TEXT
 70
     0
 62
    -7
  6
CONTINUOUS
  0
LAYER
  5
10000036
330
2
100
AcDbSymbolTableRecord
100
AcDbLayerTableRecord
  2
SIDE_THREAD_SYMBOLS
 70
     0
 62
     7
  6
CONTINUOUS
  0
LAYER
  5
10000037
330
2
100
AcDbSymbolTableRecord
100
AcDbLayerTableRecord
  2
SIDE_THREAD_SYMBOLS_HIDDEN
 70
     0
 62
    -7
  6
HIDDEN
  0
LAYER
  5
10000038
330
2
100
AcDbSymbolTableRecord
100
AcDbLayerTableRecord
  2
SURFACE_THREAD_SYMBOLS
 70
     0
 62
     7
  6
CONTINUOUS
  0
LAYER
  5
10000039
330
2
100
AcDbSymbolTableRecord
100
AcDbLayerTableRecord
  2
SURFACE_THREAD_SYMBOLS_ON_
 70
     0
 62
     7
  6
CONTINUOUS
  0
LAYER
  5
1000003A
330
2
100
AcDbSymbolTableRecord
100
AcDbLayerTableRecord
  2
SURFACE_THREAD_SYMBOLS_HID
 70
     0
 62
    -7
  6
HIDDEN
  0
LAYER
  5
1000003B
330
2
100
AcDbSymbolTableRecord
100
AcDbLayerTableRecord
  2
BLIND_THREAD_SYMBOLS
 70
     0
 62
     7
  6
CONTINUOUS
  0
LAYER
  5
1000003C
330
2
100
AcDbSymbolTableRecord
100
AcDbLayerTableRecord
  2
BLIND_THREAD_SYMBOLS_HIDDE
 70
     0
 62
    -7
  6
HIDDEN
  0
LAYER
  5
1000003D
330
2
100
AcDbSymbolTableRecord
100
AcDbLayerTableRecord
  2
EXPLODE_LINES
 70
     0
 62
     7
  6
ONS_PHANTOM
  0
LAYER
  5
1000003E
330
2
100
AcDbSymbolTableRecord
100
AcDbLayerTableRecord
  2
HIDDEN_EXPLODE_LINES
 70
     0
 62
    -7
  6
ONS_PHANTOM
  0
LAYER
  5
1000003F
330
2
100
AcDbSymbolTableRecord
100
AcDbLayerTableRecord
  2
BREAK_LINES
 70
     0
 62
    -7
  6
CONTINUOUS
  0
LAYER
  5
10000040
330
2
100
AcDbSymbolTableRecord
100
AcDbLayerTableRecord
  2
SHEETMETAL_BEND_LINES_UP
 70
     0
 62
     7
  6
CENTER
  0
LAYER
  5
10000041
330
2
100
AcDbSymbolTableRecord
100
AcDbLayerTableRecord
  2
SHEETMETAL_BEND_LINES_DOWN
 70
     0
 62
     7
  6
CENTER
  0
LAYER
  5
10000042
330
2
100
AcDbSymbolTableRecord
100
AcDbLayerTableRecord
  2
SHEETMETAL_BEND_TANGENT_LI
 70
     0
 62
     7
  6
CONTINUOUS
  0
LAYER
  5
10000043
330
2
100
AcDbSymbolTableRecord
100
AcDbLayerTableRecord
  2
SHEETMETAL_CUT_LINES
 70
     0
 62
     7
  6
CONTINUOUS
  0
LAYER
  5
10000044
330
2
100
AcDbSymbolTableRecord
100
AcDbLayerTableRecord
  2
SHEETMETAL_CBORE_CSINK_UP
 70
     0
 62
     7
  6
CONTINUOUS
  0
LAYER
  5
10000045
330
2
100
AcDbSymbolTableRecord
100
AcDbLayerTableRecord
  2
SHEETMETAL_CBORE_CSINK_DOW
 70
     0
 62
     7
  6
CONTINUOUS
  0
LAYER
  5
10000046
330
2
100
AcDbSymbolTableRecord
100
AcDbLayerTableRecord
  2
SHEETMETAL_CBORE_CSINK_UP_
 70
     0
 62
    -7
  6
HIDDEN
  0
LAYER
  5
10000047
330
2
100
AcDbSymbolTableRecord
100
AcDbLayerTableRecord
  2
SHEETMETAL_CBORE_CSINK_DO0
 70
     0
 62
    -7
  6
HIDDEN
  0
LAYER
  5
10000048
330
2
100
AcDbSymbolTableRecord
100
AcDbLayerTableRecord
  2
SHEETMETAL_FORM_TEAR
 70
     0
 62
     7
  6
CONTINUOUS
  0
LAYER
  5
10000049
330
2
100
AcDbSymbolTableRecord
100
AcDbLayerTableRecord
  2
SHEETMETAL_FORM_UP
 70
     0
 62
     7
  6
CENTER
  0
LAYER
  5
1000004A
330
2
100
AcDbSymbolTableRecord
100
AcDbLayerTableRecord
  2
SHEETMETAL_FORM_DOWN
 70
     0
 62
     7
  6
CENTER
  0
LAYER
  5
1000004B
330
2
100
AcDbSymbolTableRecord
100
AcDbLayerTableRecord
  2
SHEETMETAL_FORM_CENTERMARK
 70
     0
 62
     7
  6
CENTER
  0
LAYER
  5
1000004C
330
2
100
AcDbSymbolTableRecord
100
AcDbLayerTableRecord
  2
REGION_ASSOC_POINTS
 70
     0
 62
    -7
  6
CONTINUOUS
  0
LAYER
  5
1000004D
330
2
100
AcDbSymbolTableRecord
100
AcDbLayerTableRecord
  2
PATTERN_CENTERLINES
 70
     1
 62
    -7
  6
CENTER
  0
LAYER
  5
1000004E
330
2
100
AcDbSymbolTableRecord
100
AcDbLayerTableRecord
  2
HIDDEN
 70
     0
 62
    -7
  6
HIDDEN
  0
LAYER
  5
1000004F
330
2
100
AcDbSymbolTableRecord
100
AcDbLayerTableRecord
  2
VISIBLE
 70
     0
 62
     7
  6
CONTINUOUS
  0
LAYER
  5
10000050
330
2
100
AcDbSymbolTableRecord
100
AcDbLayerTableRecord
  2
MODELSKETCH_VISIBLE
 70
     0
 62
     7
  6
CONTINUOUS
  0
LAYER
  5
10000051
330
2
100
AcDbSymbolTableRecord
100
AcDbLayerTableRecord
  2
MODELSKETCH_POINT
 70
     0
 62
     7
  6
CONTINUOUS
  0
LAYER
  5
10000052
330
2
100
AcDbSymbolTableRecord
100
AcDbLayerTableRecord
  2
MODELSKETCH_CONSTRUCTION
 70
     0
 62
    -7
  6
CENTER
  0
LAYER
  5
10000053
330
2
100
AcDbSymbolTableRecord
100
AcDbLayerTableRecord
  2
HIDDEN_BASE_VIEW
 70
     0
 62
     7
  6
CONTINUOUS
  0
LAYER
  5
10000054
330
2
100
AcDbSymbolTableRecord
100
AcDbLayerTableRecord
  2
TANGENT_LINES
 70
     0
 62
    -7
  6
CONTINUOUS
  0
LAYER
  5
10000055
330
2
100
AcDbSymbolTableRecord
100
AcDbLayerTableRecord
  2
TANGENT_HIDDEN
 70
     0
 62
    -7
  6
HIDDEN
  0
LAYER
  5
10000056
330
2
100
AcDbSymbolTableRecord
100
AcDbLayerTableRecord
  2
INVISIBLE_LINES
 70
     0
 62
    -7
  6
CONTINUOUS
  0
LAYER
  5
10000057
330
2
100
AcDbSymbolTableRecord
100
AcDbLayerTableRecord
  2
VIEW_HATCHES
 70
     0
 62
    -7
  6
CONTINUOUS
  0
LAYER
  5
10000058
330
2
100
AcDbSymbolTableRecord
100
AcDbLayerTableRecord
  2
SECTION_JOG_LINES
 70
     0
 62
    -7
  6
CONTINUOUS
  0
ENDTAB
  0
TABLE
  2
STYLE
  5
3
330
0
100
AcDbSymbolTable
 70
     2
  0
STYLE
  5
11
330
3
100
AcDbSymbolTableRecord
100
AcDbTextStyleTableRecord
  2
STANDARD
 70
     0
 40
0.0
 41
1.0
 50
0.0
 71
     0
 42
2.5
  3
txt
  4

  0
STYLE
  5
10000004
330
3
100
AcDbSymbolTableRecord
100
AcDbTextStyleTableRecord
  2
TTFSTYLE
 70
     0
 40
0.0
 41
1.0
 50
0.0
 71
     0
 42
2.5
  3

  4

1001
ACAD
1000
Verdana
1071
       34
  0
ENDTAB
  0
TABLE
  2
VIEW
  5
6
330
0
100
AcDbSymbolTable
 70
     0
  0
ENDTAB
  0
TABLE
  2
UCS
  5
7
330
0
100
AcDbSymbolTable
 70
     0
  0
ENDTAB
  0
TABLE
  2
APPID
  5
9
330
0
100
AcDbSymbolTable
 70
     2
  0
APPID
  5
12
330
9
100
AcDbSymbolTableRecord
100
AcDbRegAppTableRecord
  2
ACAD
 70
     0
  0
APPID
  5
1000034A
330
9
100
AcDbSymbolTableRecord
100
AcDbRegAppTableRecord
  2
ACAD_MLEADERVER
 70
     0
  0
ENDTAB
  0
TABLE
  2
DIMSTYLE
  5
A
330
0
100
AcDbSymbolTable
 70
     1
  0
DIMSTYLE
105
27
330
A
100
AcDbSymbolTableRecord
100
AcDbDimStyleTableRecord
  2
ISO-25
 70
     0
  3

  4

  5

  6

  7

 40
1.0
 41
2.5
 42
0.625
 43
3.75
 44
1.25
 45
0.0
 46
0.0
 47
0.0
 48
0.0
140
2.5
141
2.5
142
0.0
143
0.03937007874016
144
1.0
145
0.0
146
1.0
147
0.625
 71
     0
 72
     0
 73
     0
 74
     0
 75
     0
 76
     0
 77
     1
 78
     8
170
     0
171
     3
172
     1
173
     0
174
     0
175
     0
176
     0
177
     0
178
     0
270
     2
271
     2
272
     2
273
     2
274
     3
340
11
275
     0
280
     0
281
     0
282
     0
283
     0
284
     8
285
     0
286
     0
287
     3
288
     0
  0
ENDTAB
  0
TABLE
  2
BLOCK_RECORD
  5
1
330
0
100
AcDbSymbolTable
 70
     0
  0
BLOCK_RECORD
  5
1F
102
{ACAD_XDICTIONARY
360
10000311
102
}
330
1
100
AcDbSymbolTableRecord
100
AcDbBlockTableRecord
  2
*MODEL_SPACE
  0
BLOCK_RECORD
  5
1B
330
1
100
AcDbSymbolTableRecord
100
AcDbBlockTableRecord
  2
*PAPER_SPACE
  0
ENDTAB
  0
ENDSEC
  0
SECTION
  2
BLOCKS
  0
BLOCK
  5
20
330
1F
100
AcDbEntity
  8
0
100
AcDbBlockBegin
  2
*MODEL_SPACE
 70
     0
 10
0.0
 20
0.0
 30
0.0
  3
*MODEL_SPACE
  1

  0
ENDBLK
  5
21
330
1F
100
AcDbEntity
  8
0
100
AcDbBlockEnd
  0
BLOCK
  5
1C
330
1B
100
AcDbEntity
 67
     1
  8
0
100
AcDbBlockBegin
  2
*PAPER_SPACE
 70
     0
 10
0.0
 20
0.0
 30
0.0
  3
*PAPER_SPACE
  1

  0
ENDBLK
  5
1D
330
1B
100
AcDbEntity
 67
     1
  8
0
100
AcDbBlockEnd
  0
ENDSEC
  0
SECTION
  2
ENTITIES
  0
CIRCLE
  5
10000059
102
{ACAD_XDICTIONARY
360
1000005A
102
}
330
1F
100
AcDbEntity
  8
VISIBLE
100
AcDbCircle
 10
0.0000000000000001
 20
14.0
 30
0.0
 40
1.6
  0
CIRCLE
  5
1000005F
102
{ACAD_XDICTIONARY
360
10000060
102
}
330
1F
100
AcDbEntity
  8
VISIBLE
100
AcDbCircle
 10
12.12435565298214
 20
-6.999999999999997
 30
0.0
 40
1.6
  0
CIRCLE
  5
10000065
102
{ACAD_XDICTIONARY
360
10000066
102
}
330
1F
100
AcDbEntity
  8
VISIBLE
100
AcDbCircle
 10
-12.12435565298214
 20
-6.999999999999997
 30
0.0
 40
1.6
  0
ARC
  5
1000006B
102
{ACAD_XDICTIONARY
360
1000006C
102
}
330
1F
100
AcDbEntity
  8
VISIBLE
100
AcDbCircle
 10
0.0000000000000013
 20
-0.0000000000000451
 30
0.0
 40
27.25
100
AcDbArc
 50
241.1793095141916
 51
247.392119057237
  0
ARC
  5
10000071
102
{ACAD_XDICTIONARY
360
10000072
102
}
330
1F
100
AcDbEntity
  8
VISIBLE
100
AcDbCircle
 10
-10.09108550918226
 20
-24.23288041579816
 30
0.0
 40
1.0
100
AcDbArc
 50
247.392119057237
 51
342.8571428571426
  0
LINE
  5
10000077
102
{ACAD_XDICTIONARY
360
10000078
102
}
330
1F
100
AcDbEntity
  8
VISIBLE
100
AcDbLine
 10
-9.135512703396122
 20
-24.52763559020907
 30
0.0
 11
-7.298987179456198
 21
-18.57376607352785
 31
0.0
  0
ARC
  5
1000007B
102
{ACAD_XDICTIONARY
360
1000007C
102
}
330
1F
100
AcDbEntity
  8
VISIBLE
100
AcDbCircle
 10
-5.865627970776981
 20
-19.0158988351442
 30
0.0
 40
1.500000000000006
100
AcDbArc
 50
342.8571428571428
 51
162.857142857143
  0
LINE
  5
10000081
102
{ACAD_XDICTIONARY
360
10000082
102
}
330
1F
100
AcDbEntity
  8
VISIBLE
100
AcDbLine
 10
-6.26879428603768
 20
-25.41190111344178
 30
0.0
 11
-4.432268762097765
 21
-19.45803159676056
 31
0.0
  0
ARC
  5
10000085
102
{ACAD_XDICTIONARY
360
10000086
102
}
330
1F
100
AcDbEntity
  8
VISIBLE
100
AcDbCircle
 10
-5.31322148025154
 20
-25.70665628785268
 30
0.0
 40
1.0
100
AcDbArc
 50
162.8571428571429
 51
258.322166657049
  0
ARC
  5
1000008B
102
{ACAD_XDICTIONARY
360
1000008C
102
}
330
1F
100
AcDbEntity
  8
VISIBLE
100
AcDbCircle
 10
0.0000000000000013
 20
-0.0000000000000451
 30
0.0
 40
27.25
100
AcDbArc
 50
258.3221666570488
 51
264.5349762000941
  0
ARC
  5
10000091
102
{ACAD_XDICTIONARY
360
10000092
102
}
330
1F
100
AcDbEntity
  8
VISIBLE
100
AcDbCircle
 10
-2.5
 20
-26.13068120045864
 30
0.0
 40
1.0
100
AcDbArc
 50
264.5349762000941
 51
0.0
  0
LINE
  5
10000097
102
{ACAD_XDICTIONARY
360
10000098
102
}
330
1F
100
AcDbEntity
  8
VISIBLE
100
AcDbLine
 10
-1.5
 20
-26.13068120045864
 30
0.0
 11
-1.5
 21
-19.9
 31
0.0
  0
ARC
  5
1000009B
102
{ACAD_XDICTIONARY
360
1000009C
102
}
330
1F
100
AcDbEntity
  8
VISIBLE
100
AcDbCircle
 10
0.0000000000000056
 20
-19.9
 30
0.0
 40
1.500000000000006
100
AcDbArc
 50
0.0
 51
180.0
  0
LINE
  5
100000A1
102
{ACAD_XDICTIONARY
360
100000A2
102
}
330
1F
100
AcDbEntity
  8
VISIBLE
100
AcDbLine
 10
1.500000000000021
 20
-26.13068120045863
 30
0.0
 11
1.500000000000011
 21
-19.9
 31
0.0
  0
ARC
  5
100000A5
102
{ACAD_XDICTIONARY
360
100000A6
102
}
330
1F
100
AcDbEntity
  8
VISIBLE
100
AcDbCircle
 10
2.500000000000021
 20
-26.13068120045863
 30
0.0
 40
1.0
100
AcDbArc
 50
180.0
 51
275.465023799906
  0
ARC
  5
100000AB
102
{ACAD_XDICTIONARY
360
100000AC
102
}
330
1F
100
AcDbEntity
  8
VISIBLE
100
AcDbCircle
 10
0.0000000000000013
 20
-0.0000000000000451
 30
0.0
 40
27.25
100
AcDbArc
 50
275.465023799906
 51
281.6778333429513
  0
ARC
  5
100000B1
102
{ACAD_XDICTIONARY
360
100000B2
102
}
330
1F
100
AcDbEntity
  8
VISIBLE
100
AcDbCircle
 10
5.31322148025157
 20
-25.70665628785268
 30
0.0
 40
1.0
100
AcDbArc
 50
281.6778333429512
 51
17.14285714285721
  0
LINE
  5
100000B7
102
{ACAD_XDICTIONARY
360
100000B8
102
}
330
1F
100
AcDbEntity
  8
VISIBLE
100
AcDbLine
 10
6.268794286037711
 20
-25.41190111344177
 30
0.0
 11
4.432268762097782
 21
-19.45803159676055
 31
0.0
  0
ARC
  5
100000BB
102
{ACAD_XDICTIONARY
360
100000BC
102
}
330
1F
100
AcDbEntity
  8
VISIBLE
100
AcDbCircle
 10
5.865627970776998
 20
-19.0158988351442
 30
0.0
 40
1.500000000000006
100
AcDbArc
 50
17.14285714285711
 51
197.1428571428571
  0
LINE
  5
100000C1
102
{ACAD_XDICTIONARY
360
100000C2
102
}
330
1F
100
AcDbEntity
  8
VISIBLE
100
AcDbLine
 10
9.13551270339615
 20
-24.52763559020905
 30
0.0
 11
7.298987179456215
 21
-18.57376607352784
 31
0.0
  0
ARC
  5
100000C5
102
{ACAD_XDICTIONARY
360
100000C6
102
}
330
1F
100
AcDbEntity
  8
VISIBLE
100
AcDbCircle
 10
10.09108550918229
 20
-24.23288041579815
 30
0.0
 40
1.0
100
AcDbArc
 50
197.1428571428572
 51
292.607880942763
  0
ARC
  5
100000CB
102
{ACAD_XDICTIONARY
360
100000CC
102
}
330
1F
100
AcDbEntity
  8
VISIBLE
100
AcDbCircle
 10
0.0000000000000013
 20
-0.0000000000000451
 30
0.0
 40
27.25
100
AcDbArc
 50
292.6078809427631
 51
298.8206904858085
  0
ARC
  5
100000D1
102
{ACAD_XDICTIONARY
360
100000D2
102
}
330
1F
100
AcDbEntity
  8
VISIBLE
100
AcDbCircle
 10
12.65433991529437
 20
-22.99848215226801
 30
0.0
 40
1.0
100
AcDbArc
 50
298.8206904858084
 51
34.28571428571432
  0
LINE
  5
100000D7
102
{ACAD_XDICTIONARY
360
100000D8
102
}
330
1F
100
AcDbEntity
  8
VISIBLE
100
AcDbLine
 10
13.48057868961036
 20
-22.43516209420439
 30
0.0
 11
9.970710993992084
 21
-17.28713169598373
 31
0.0
  0
ARC
  5
100000DB
102
{ACAD_XDICTIONARY
360
100000DC
102
}
330
1F
100
AcDbEntity
  8
VISIBLE
100
AcDbCircle
 10
11.21006915546608
 20
-16.44215160888829
 30
0.0
 40
1.500000000000006
100
AcDbArc
 50
34.28571428571422
 51
214.2857142857143
  0
LINE
  5
100000E1
102
{ACAD_XDICTIONARY
360
100000E2
102
}
330
1F
100
AcDbEntity
  8
VISIBLE
100
AcDbLine
 10
15.95929501255836
 20
-20.74520192001351
 30
0.0
 11
12.44942731694008
 21
-15.59717152179286
 31
0.0
  0
ARC
  5
100000E5
102
{ACAD_XDICTIONARY
360
100000E6
102
}
330
1F
100
AcDbEntity
  8
VISIBLE
100
AcDbCircle
 10
16.78553378687436
 20
-20.18188186194989
 30
0.0
 40
1.0
100
AcDbArc
 50
214.2857142857141
 51
309.7507380856204
  0
ARC
  5
100000EB
102
{ACAD_XDICTIONARY
360
100000EC
102
}
330
1F
100
AcDbEntity
  8
VISIBLE
100
AcDbCircle
 10
0.0000000000000013
 20
-0.0000000000000451
 30
0.0
 40
27.25
100
AcDbArc
 50
309.7507380856203
 51
315.9635476286657
  0
ARC
  5
100000F1
102
{ACAD_XDICTIONARY
360
100000F2
102
}
330
1F
100
AcDbEntity
  8
VISIBLE
100
AcDbCircle
 10
18.87106471620722
 20
-18.24679195027776
 30
0.0
 40
1.0
100
AcDbArc
 50
315.9635476286654
 51
51.42857142857159
  0
LINE
  5
100000F7
102
{ACAD_XDICTIONARY
360
100000F8
102
}
330
1F
100
AcDbEntity
  8
VISIBLE
100
AcDbLine
 10
19.49455451806595
 20
-17.46496046780973
 30
0.0
 11
14.62321179832569
 21
-13.58019428069084
 31
0.0
  0
ARC
  5
100000FB
102
{ACAD_XDICTIONARY
360
100000FC
102
}
330
1F
100
AcDbEntity
  8
VISIBLE
100
AcDbCircle
 10
15.55844650111379
 20
-12.40744705698879
 30
0.0
 40
1.500000000000006
100
AcDbArc
 50
51.42857142857142
 51
231.4285714285715
  0
LINE
  5
10000101
102
{ACAD_XDICTIONARY
360
10000102
102
}
330
1F
100
AcDbEntity
  8
VISIBLE
100
AcDbLine
 10
21.36502392364216
 20
-15.11946602040563
 30
0.0
 11
16.4936812039019
 21
-11.23469983328674
 31
0.0
  0
ARC
  5
10000105
102
{ACAD_XDICTIONARY
360
10000106
102
}
330
1F
100
AcDbEntity
  8
VISIBLE
100
AcDbCircle
 10
21.98851372550089
 20
-14.3376345379376
 30
0.0
 40
1.0
100
AcDbArc
 50
231.4285714285714
 51
326.8935952284775
  0
ARC
  5
1000010B
102
{ACAD_XDICTIONARY
360
1000010C
102
}
330
1F
100
AcDbEntity
  8
VISIBLE
100
AcDbCircle
 10
0.0000000000000013
 20
-0.0000000000000451
 30
0.0
 40
27.25
100
AcDbArc
 50
326.8935952284775
 51
333.1064047715228
  0
ARC
  5
10000111
102
{ACAD_XDICTIONARY
360
10000112
102
}
330
1F
100
AcDbEntity
  8
VISIBLE
100
AcDbCircle
 10
23.41101260278158
 20
-11.87379420877777
 30
0.0
 40
1.0
100
AcDbArc
 50
333.1064047715226
 51
68.57142857142858
  0
LINE
  5
10000117
102
{ACAD_XDICTIONARY
360
10000118
102
}
330
1F
100
AcDbEntity
  8
VISIBLE
100
AcDbLine
 10
23.77635362714797
 20
-10.94292046013356
 30
0.0
 11
17.97637606147007
 21
-8.666597007857565
 31
0.0
  0
ARC
  5
1000011B
102
{ACAD_XDICTIONARY
360
1000011C
102
}
330
1F
100
AcDbEntity
  8
VISIBLE
100
AcDbCircle
 10
18.52438759801966
 20
-7.270286384891254
 30
0.0
 40
1.500000000000006
100
AcDbArc
 50
68.57142857142858
 51
248.5714285714284
  0
LINE
  5
10000121
102
{ACAD_XDICTIONARY
360
10000122
102
}
330
1F
100
AcDbEntity
  8
VISIBLE
100
AcDbLine
 10
24.87237670024716
 20
-8.150299214200931
 30
0.0
 11
19.07239913456926
 21
-5.873975761924942
 31
0.0
  0
ARC
  5
10000125
102
{ACAD_XDICTIONARY
360
10000126
102
}
330
1F
100
AcDbEntity
  8
VISIBLE
100
AcDbCircle
 10
25.23771772461356
 20
-7.219425465556727
 30
0.0
 40
1.0
100
AcDbArc
 50
248.5714285714286
 51
344.0364523713345
  0
ARC
  5
1000012B
102
{ACAD_XDICTIONARY
360
1000012C
102
}
330
1F
100
AcDbEntity
  8
VISIBLE
100
AcDbCircle
 10
0.0000000000000013
 20
-0.0000000000000451
 30
0.0
 40
27.25
100
AcDbArc
 50
344.0364523713346
 51
350.24926191438
  0
ARC
  5
10000131
102
{ACAD_XDICTIONARY
360
10000132
102
}
330
1F
100
AcDbEntity
  8
VISIBLE
100
AcDbCircle
 10
25.87078928206217
 20
-4.445757744540239
 30
0.0
 40
1.0
100
AcDbArc
 50
350.2492619143798
 51
85.7142857142857
  0
LINE
  5
10000137
102
{ACAD_XDICTIONARY
360
10000138
102
}
330
1F
100
AcDbEntity
  8
VISIBLE
100
AcDbLine
 10
25.94551937564859
 20
-3.448553947359059
 30
0.0
 11
19.73226042352585
 21
-2.982934558141611
 31
0.0
  0
ARC
  5
1000013B
102
{ACAD_XDICTIONARY
360
1000013C
102
}
330
1F
100
AcDbEntity
  8
VISIBLE
100
AcDbCircle
 10
19.84435556390548
 20
-1.487128862369835
 30
0.0
 40
1.500000000000006
100
AcDbArc
 50
85.7142857142856
 51
265.7142857142858
  0
LINE
  5
10000141
102
{ACAD_XDICTIONARY
360
10000142
102
}
330
1F
100
AcDbEntity
  8
VISIBLE
100
AcDbLine
 10
26.16970965640786
 20
-0.4569425558154973
 30
0.0
 11
19.95645070428512
 21
0.0086768334019408
 31
0.0
  0
ARC
  5
10000145
102
{ACAD_XDICTIONARY
360
10000146
102
}
330
1F
100
AcDbEntity
  8
VISIBLE
100
AcDbCircle
 10
26.24443974999429
 20
0.5402612413656829
 30
0.0
 40
1.0
100
AcDbArc
 50
265.7142857142857
 51
1.179309514191643
  0
ARC
  5
1000014B
102
{ACAD_XDICTIONARY
360
1000014C
102
}
330
1F
100
AcDbEntity
  8
VISIBLE
100
AcDbCircle
 10
0.0000000000000013
 20
-0.0000000000000451
 30
0.0
 40
27.25
100
AcDbArc
 50
1.179309514191745
 51
7.392119057237064
  0
ARC
  5
10000151
102
{ACAD_XDICTIONARY
360
10000152
102
}
330
1F
100
AcDbEntity
  8
VISIBLE
100
AcDbCircle
 10
26.03183280154276
 20
3.377303805186202
 30
0.0
 40
1.0
100
AcDbArc
 50
7.392119057236962
 51
102.857142857143
  0
LINE
  5
10000157
102
{ACAD_XDICTIONARY
360
10000158
102
}
330
1F
100
AcDbEntity
  8
VISIBLE
100
AcDbLine
 10
25.80931186758644
 20
4.352231717368025
 30
0.0
 11
19.73484685335276
 21
2.965774717457919
 31
0.0
  0
ARC
  5
1000015B
102
{ACAD_XDICTIONARY
360
1000015C
102
}
330
1F
100
AcDbEntity
  8
VISIBLE
100
AcDbCircle
 10
19.40106545241829
 20
4.42816658573066
 30
0.0
 40
1.500000000000006
100
AcDbArc
 50
102.857142857143
 51
282.8571428571428
  0
LINE
  5
10000161
102
{ACAD_XDICTIONARY
360
10000162
102
}
330
1F
100
AcDbEntity
  8
VISIBLE
100
AcDbLine
 10
25.14174906571749
 20
7.277015453913515
 30
0.0
 11
19.06728405148381
 21
5.890558454003402
 31
0.0
  0
ARC
  5
10000165
102
{ACAD_XDICTIONARY
360
10000166
102
}
330
1F
100
AcDbEntity
  8
VISIBLE
100
AcDbCircle
 10
24.91922813176117
 20
8.25194336609534
 30
0.0
 40
1.0
100
AcDbArc
 50
282.8571428571428
 51
18.32216665704865
  0
ARC
  5
1000016B
102
{ACAD_XDICTIONARY
360
1000016C
102
}
330
1F
100
AcDbEntity
  8
VISIBLE
100
AcDbCircle
 10
0.0000000000000013
 20
-0.0000000000000451
 30
0.0
 40
27.25
100
AcDbArc
 50
18.32216665704885
 51
24.53497620009423
  0
ARC
  5
10000171
102
{ACAD_XDICTIONARY
360
10000172
102
}
330
1F
100
AcDbEntity
  8
VISIBLE
100
AcDbCircle
 10
23.87983373778963
 20
10.90027709076823
 30
0.0
 40
1.0
100
AcDbArc
 50
24.53497620009423
 51
120.0
  0
LINE
  5
10000177
102
{ACAD_XDICTIONARY
360
10000178
102
}
330
1F
100
AcDbEntity
  8
VISIBLE
100
AcDbLine
 10
23.37983373778963
 20
11.76630249455267
 30
0.0
 11
17.98390553531032
 21
8.650961894323347
 31
0.0
  0
ARC
  5
1000017B
102
{ACAD_XDICTIONARY
360
1000017C
102
}
330
1F
100
AcDbEntity
  8
VISIBLE
100
AcDbCircle
 10
17.23390553531032
 20
9.95000000000001
 30
0.0
 40
1.500000000000006
100
AcDbArc
 50
120.0000000000001
 51
300.0
  0
LINE
  5
10000181
102
{ACAD_XDICTIONARY
360
10000182
102
}
330
1F
100
AcDbEntity
  8
VISIBLE
100
AcDbLine
 10
21.87983373778961
 20
14.364378705906
 30
0.0
 11
16.48390553531032
 21
11.24903810567667
 31
0.0
  0
ARC
  5
10000185
102
{ACAD_XDICTIONARY
360
10000186
102
}
330
1F
100
AcDbEntity
  8
VISIBLE
100
AcDbCircle
 10
21.37983373778961
 20
15.23040410969043
 30
0.0
 40
1.0
100
AcDbArc
 50
300.0
 51
35.46502379990576
  0
ARC
  5
1000018B
102
{ACAD_XDICTIONARY
360
1000018C
102
}
330
1F
100
AcDbEntity
  8
VISIBLE
100
AcDbCircle
 10
0.0000000000000013
 20
-0.0000000000000451
 30
0.0
 40
27.25
100
AcDbArc
 50
35.46502379990601
 51
41.67783334295133
  0
ARC
  5
10000191
102
{ACAD_XDICTIONARY
360
10000192
102
}
330
1F
100
AcDbEntity
  8
VISIBLE
100
AcDbCircle
 10
19.60600665150961
 20
17.45471292175736
 30
0.0
 40
1.0
100
AcDbArc
 50
41.67783334295123
 51
137.1428571428572
  0
LINE
  5
10000197
102
{ACAD_XDICTIONARY
360
10000198
102
}
330
1F
100
AcDbEntity
  8
VISIBLE
100
AcDbLine
 10
18.87295477967978
 20
18.13488565952828
 30
0.0
 11
14.63501528938603
 21
13.56747314275716
 31
0.0
  0
ARC
  5
1000019B
102
{ACAD_XDICTIONARY
360
1000019C
102
}
330
1F
100
AcDbEntity
  8
VISIBLE
100
AcDbCircle
 10
13.53543748164129
 20
14.58773224941355
 30
0.0
 40
1.500000000000006
100
AcDbArc
 50
137.1428571428572
 51
317.1428571428572
  0
LINE
  5
100001A1
102
{ACAD_XDICTIONARY
360
100001A2
102
}
330
1F
100
AcDbEntity
  8
VISIBLE
100
AcDbLine
 10
16.67379916419029
 20
20.17540387284105
 30
0.0
 11
12.43585967389655
 21
15.60799135606993
 31
0.0
  0
ARC
  5
100001A5
102
{ACAD_XDICTIONARY
360
100001A6
102
}
330
1F
100
AcDbEntity
  8
VISIBLE
100
AcDbCircle
 10
15.94074729236046
 20
20.85557661061197
 30
0.0
 40
1.0
100
AcDbArc
 50
317.1428571428572
 51
52.60788094276312
  0
ARC
  5
100001AB
102
{ACAD_XDICTIONARY
360
100001AC
102
}
330
1F
100
AcDbEntity
  8
VISIBLE
100
AcDbCircle
 10
0.0000000000000013
 20
-0.0000000000000451
 30
0.0
 40
27.25
100
AcDbArc
 50
52.60788094276312
 51
58.82069048580844
  0
ARC
  5
100001B1
102
{ACAD_XDICTIONARY
360
100001B2
102
}
330
1F
100
AcDbEntity
  8
VISIBLE
100
AcDbCircle
 10
13.59009983469993
 20
22.45822091090235
 30
0.0
 40
1.0
100
AcDbArc
 50
58.82069048580844
 51
154.2857142857143
  0
LINE
  5
100001B7
102
{ACAD_XDICTIONARY
360
100001B8
102
}
330
1F
100
AcDbEntity
  8
VISIBLE
100
AcDbLine
 10
12.68913096679751
 20
22.89210465001991
 30
0.0
 11
9.985739710293036
 21
17.2784548625818
 31
0.0
  0
ARC
  5
100001BB
102
{ACAD_XDICTIONARY
360
100001BC
102
}
330
1F
100
AcDbEntity
  8
VISIBLE
100
AcDbCircle
 10
8.634286408439403
 20
17.92928047125814
 30
0.0
 40
1.500000000000006
100
AcDbArc
 50
154.2857142857143
 51
334.2857142857143
  0
LINE
  5
100001C1
102
{ACAD_XDICTIONARY
360
100001C2
102
}
330
1F
100
AcDbEntity
  8
VISIBLE
100
AcDbLine
 10
9.98622436309023
 20
24.19375586737258
 30
0.0
 11
7.282833106585769
 21
18.58010607993448
 31
0.0
  0
ARC
  5
100001C5
102
{ACAD_XDICTIONARY
360
100001C6
102
}
330
1F
100
AcDbEntity
  8
VISIBLE
100
AcDbCircle
 10
9.08525549518781
 20
24.62763960649014
 30
0.0
 40
1.0
100
AcDbArc
 50
334.2857142857143
 51
69.75073808562023
  0
ARC
  5
100001CB
102
{ACAD_XDICTIONARY
360
100001CC
102
}
330
1F
100
AcDbEntity
  8
VISIBLE
100
AcDbCircle
 10
0.0000000000000013
 20
-0.0000000000000451
 30
0.0
 40
27.25
100
AcDbArc
 50
69.75073808562023
 51
75.96354762866561
  0
ARC
  5
100001D1
102
{ACAD_XDICTIONARY
360
100001D2
102
}
330
1F
100
AcDbEntity
  8
VISIBLE
100
AcDbCircle
 10
6.36665300840633
 20
25.46621741583451
 30
0.0
 40
1.0
100
AcDbArc
 50
75.96354762866555
 51
171.4285714285714
  0
LINE
  5
100001D7
102
{ACAD_XDICTIONARY
360
100001D8
102
}
330
1F
100
AcDbEntity
  8
VISIBLE
100
AcDbLine
 10
5.377822182181202
 20
25.61525968201068
 30
0.0
 11
4.44918733624356
 21
19.4541700426158
 31
0.0
  0
ARC
  5
100001DB
102
{ACAD_XDICTIONARY
360
100001DC
102
}
330
1F
100
AcDbEntity
  8
VISIBLE
100
AcDbCircle
 10
2.965941096905862
 20
19.67773344188006
 30
0.0
 40
1.500000000000006
100
AcDbArc
 50
171.4285714285715
 51
351.4285714285715
  0
LINE
  5
100001E1
102
{ACAD_XDICTIONARY
360
100001E2
102
}
330
1F
100
AcDbEntity
  8
VISIBLE
100
AcDbLine
 10
2.411329703505795
 20
26.06238648053921
 30
0.0
 11
1.482694857568164
 21
19.90129684114432
 31
0.0
  0
ARC
  5
100001E5
102
{ACAD_XDICTIONARY
360
100001E6
102
}
330
1F
100
AcDbEntity
  8
VISIBLE
100
AcDbCircle
 10
1.422498877280666
 20
26.21142874671538
 30
0.0
 40
1.0
100
AcDbArc
 50
351.4285714285714
 51
86.89359522847734
  0
ARC
  5
100001EB
102
{ACAD_XDICTIONARY
360
100001EC
102
}
330
1F
100
AcDbEntity
  8
VISIBLE
100
AcDbCircle
 10
0.0000000000000013
 20
-0.0000000000000451
 30
0.0
 40
27.25
100
AcDbArc
 50
86.89359522847734
 51
93.1064047715227
  0
ARC
  5
100001F1
102
{ACAD_XDICTIONARY
360
100001F2
102
}
330
1F
100
AcDbEntity
  8
VISIBLE
100
AcDbCircle
 10
-1.422498877280693
 20
26.21142874671538
 30
0.0
 40
1.0
100
AcDbArc
 50
93.10640477152266
 51
188.5714285714286
  0
LINE
  5
100001F7
102
{ACAD_XDICTIONARY
360
100001F8
102
}
330
1F
100
AcDbEntity
  8
VISIBLE
100
AcDbLine
 10
-2.411329703505821
 20
26.06238648053921
 30
0.0
 11
-1.482694857568179
 21
19.90129684114432
 31
0.0
  0
ARC
  5
100001FB
102
{ACAD_XDICTIONARY
360
100001FC
102
}
330
1F
100
AcDbEntity
  8
VISIBLE
100
AcDbCircle
 10
-2.965941096905877
 20
19.67773344188006
 30
0.0
 40
1.500000000000006
100
AcDbArc
 50
188.5714285714287
 51
8.571428571428402
  0
LINE
  5
10000201
102
{ACAD_XDICTIONARY
360
10000202
102
}
330
1F
100
AcDbEntity
  8
VISIBLE
100
AcDbLine
 10
-5.377822182181228
 20
25.61525968201068
 30
0.0
 11
-4.449187336243575
 21
19.45417004261579
 31
0.0
  0
ARC
  5
10000205
102
{ACAD_XDICTIONARY
360
10000206
102
}
330
1F
100
AcDbEntity
  8
VISIBLE
100
AcDbCircle
 10
-6.366653008406355
 20
25.4662174158345
 30
0.0
 40
1.0
100
AcDbArc
 50
8.571428571428555
 51
104.0364523713346
  0
ARC
  5
1000020B
102
{ACAD_XDICTIONARY
360
1000020C
102
}
330
1F
100
AcDbEntity
  8
VISIBLE
100
AcDbCircle
 10
0.0000000000000013
 20
-0.0000000000000451
 30
0.0
 40
27.25
100
AcDbArc
 50
104.0364523713345
 51
110.2492619143798
  0
ARC
  5
10000211
102
{ACAD_XDICTIONARY
360
10000212
102
}
330
1F
100
AcDbEntity
  8
VISIBLE
100
AcDbCircle
 10
-9.085255495187823
 20
24.62763960649014
 30
0.0
 40
1.0
100
AcDbArc
 50
110.2492619143799
 51
205.7142857142857
  0
LINE
  5
10000217
102
{ACAD_XDICTIONARY
360
10000218
102
}
330
1F
100
AcDbEntity
  8
VISIBLE
100
AcDbLine
 10
-9.986224363090244
 20
24.19375586737258
 30
0.0
 11
-7.282833106585775
 21
18.58010607993447
 31
0.0
  0
ARC
  5
1000021B
102
{ACAD_XDICTIONARY
360
1000021C
102
}
330
1F
100
AcDbEntity
  8
VISIBLE
100
AcDbCircle
 10
-8.634286408439408
 20
17.92928047125814
 30
0.0
 40
1.500000000000006
100
AcDbArc
 50
205.7142857142857
 51
25.71428571428571
  0
LINE
  5
10000221
102
{ACAD_XDICTIONARY
360
10000222
102
}
330
1F
100
AcDbEntity
  8
VISIBLE
100
AcDbLine
 10
-12.68913096679752
 20
22.8921046500199
 30
0.0
 11
-9.985739710293041
 21
17.2784548625818
 31
0.0
  0
ARC
  5
10000225
102
{ACAD_XDICTIONARY
360
10000226
102
}
330
1F
100
AcDbEntity
  8
VISIBLE
100
AcDbCircle
 10
-13.59009983469994
 20
22.45822091090234
 30
0.0
 40
1.0
100
AcDbArc
 50
25.71428571428566
 51
121.1793095141917
  0
ARC
  5
1000022B
102
{ACAD_XDICTIONARY
360
1000022C
102
}
330
1F
100
AcDbEntity
  8
VISIBLE
100
AcDbCircle
 10
0.0000000000000013
 20
-0.0000000000000451
 30
0.0
 40
27.25
100
AcDbArc
 50
121.1793095141916
 51
127.3921190572369
  0
ARC
  5
10000231
102
{ACAD_XDICTIONARY
360
10000232
102
}
330
1F
100
AcDbEntity
  8
VISIBLE
100
AcDbCircle
 10
-15.94074729236048
 20
20.85557661061195
 30
0.0
 40
1.0
100
AcDbArc
 50
127.3921190572369
 51
222.8571428571428
  0
LINE
  5
10000237
102
{ACAD_XDICTIONARY
360
10000238
102
}
330
1F
100
AcDbEntity
  8
VISIBLE
100
AcDbLine
 10
-16.67379916419031
 20
20.17540387284103
 30
0.0
 11
-12.43585967389656
 21
15.60799135606992
 31
0.0
  0
ARC
  5
1000023B
102
{ACAD_XDICTIONARY
360
1000023C
102
}
330
1F
100
AcDbEntity
  8
VISIBLE
100
AcDbCircle
 10
-13.5354374816413
 20
14.58773224941354
 30
0.0
 40
1.500000000000006
100
AcDbArc
 50
222.8571428571429
 51
42.85714285714283
  0
LINE
  5
10000241
102
{ACAD_XDICTIONARY
360
10000242
102
}
330
1F
100
AcDbEntity
  8
VISIBLE
100
AcDbLine
 10
-18.8729547796798
 20
18.13488565952825
 30
0.0
 11
-14.63501528938604
 21
13.56747314275715
 31
0.0
  0
ARC
  5
10000245
102
{ACAD_XDICTIONARY
360
10000246
102
}
330
1F
100
AcDbEntity
  8
VISIBLE
100
AcDbCircle
 10
-19.60600665150962
 20
17.45471292175734
 30
0.0
 40
1.0
100
AcDbArc
 50
42.85714285714277
 51
138.3221666570489
  0
ARC
  5
1000024B
102
{ACAD_XDICTIONARY
360
1000024C
102
}
330
1F
100
AcDbEntity
  8
VISIBLE
100
AcDbCircle
 10
0.0000000000000013
 20
-0.0000000000000451
 30
0.0
 40
27.25
100
AcDbArc
 50
138.3221666570487
 51
144.5349762000941
  0
ARC
  5
10000251
102
{ACAD_XDICTIONARY
360
10000252
102
}
330
1F
100
AcDbEntity
  8
VISIBLE
100
AcDbCircle
 10
-21.37983373778964
 20
15.2304041096904
 30
0.0
 40
1.0
100
AcDbArc
 50
144.5349762000941
 51
240.0000000000001
  0
LINE
  5
10000257
102
{ACAD_XDICTIONARY
360
10000258
102
}
330
1F
100
AcDbEntity
  8
VISIBLE
100
AcDbLine
 10
-21.87983373778963
 20
14.36437870590597
 30
0.0
 11
-16.48390553531033
 21
11.24903810567665
 31
0.0
  0
ARC
  5
1000025B
102
{ACAD_XDICTIONARY
360
1000025C
102
}
330
1F
100
AcDbEntity
  8
VISIBLE
100
AcDbCircle
 10
-17.23390553531033
 20
9.949999999999987
 30
0.0
 40
1.500000000000006
100
AcDbArc
 50
240.0000000000001
 51
59.99999999999999
  0
LINE
  5
10000261
102
{ACAD_XDICTIONARY
360
10000262
102
}
330
1F
100
AcDbEntity
  8
VISIBLE
100
AcDbLine
 10
-23.37983373778964
 20
11.76630249455263
 30
0.0
 11
-17.98390553531033
 21
8.650961894323324
 31
0.0
  0
ARC
  5
10000265
102
{ACAD_XDICTIONARY
360
10000266
102
}
330
1F
100
AcDbEntity
  8
VISIBLE
100
AcDbCircle
 10
-23.87983373778964
 20
10.90027709076819
 30
0.0
 40
1.0
100
AcDbArc
 50
60.00000000000018
 51
155.4650237999059
  0
ARC
  5
1000026B
102
{ACAD_XDICTIONARY
360
1000026C
102
}
330
1F
100
AcDbEntity
  8
VISIBLE
100
AcDbCircle
 10
0.0000000000000013
 20
-0.0000000000000451
 30
0.0
 40
27.25
100
AcDbArc
 50
155.4650237999059
 51
161.6778333429512
  0
ARC
  5
10000271
102
{ACAD_XDICTIONARY
360
10000272
102
}
330
1F
100
AcDbEntity
  8
VISIBLE
100
AcDbCircle
 10
-24.91922813176118
 20
8.251943366095325
 30
0.0
 40
1.0
100
AcDbArc
 50
161.6778333429513
 51
257.1428571428572
  0
LINE
  5
10000277
102
{ACAD_XDICTIONARY
360
10000278
102
}
330
1F
100
AcDbEntity
  8
VISIBLE
100
AcDbLine
 10
-25.14174906571749
 20
7.277015453913503
 30
0.0
 11
-19.06728405148382
 21
5.890558454003395
 31
0.0
  0
ARC
  5
1000027B
102
{ACAD_XDICTIONARY
360
1000027C
102
}
330
1F
100
AcDbEntity
  8
VISIBLE
100
AcDbCircle
 10
-19.40106545241829
 20
4.428166585730655
 30
0.0
 40
1.500000000000006
100
AcDbArc
 50
257.1428571428572
 51
77.14285714285714
  0
LINE
  5
10000281
102
{ACAD_XDICTIONARY
360
10000282
102
}
330
1F
100
AcDbEntity
  8
VISIBLE
100
AcDbLine
 10
-25.80931186758644
 20
4.35223171736801
 30
0.0
 11
-19.73484685335276
 21
2.965774717457913
 31
0.0
  0
ARC
  5
10000285
102
{ACAD_XDICTIONARY
360
10000286
102
}
330
1F
100
AcDbEntity
  8
VISIBLE
100
AcDbCircle
 10
-26.03183280154276
 20
3.377303805186187
 30
0.0
 40
1.0
100
AcDbArc
 50
77.14285714285694
 51
172.6078809427631
  0
ARC
  5
1000028B
102
{ACAD_XDICTIONARY
360
1000028C
102
}
330
1F
100
AcDbEntity
  8
VISIBLE
100
AcDbCircle
 10
0.0000000000000013
 20
-0.0000000000000451
 30
0.0
 40
27.25
100
AcDbArc
 50
172.607880942763
 51
178.8206904858083
  0
ARC
  5
10000291
102
{ACAD_XDICTIONARY
360
10000292
102
}
330
1F
100
AcDbEntity
  8
VISIBLE
100
AcDbCircle
 10
-26.24443974999429
 20
0.5402612413656567
 30
0.0
 40
1.0
100
AcDbArc
 50
178.8206904858084
 51
274.2857142857141
  0
LINE
  5
10000297
102
{ACAD_XDICTIONARY
360
10000298
102
}
330
1F
100
AcDbEntity
  8
VISIBLE
100
AcDbLine
 10
-26.16970965640787
 20
-0.4569425558155233
 30
0.0
 11
-19.95645070428512
 21
0.0086768334019256
 31
0.0
  0
ARC
  5
1000029B
102
{ACAD_XDICTIONARY
360
1000029C
102
}
330
1F
100
AcDbEntity
  8
VISIBLE
100
AcDbCircle
 10
-19.84435556390548
 20
-1.48712886236985
 30
0.0
 40
1.500000000000006
100
AcDbArc
 50
274.2857142857143
 51
94.28571428571445
  0
LINE
  5
100002A1
102
{ACAD_XDICTIONARY
360
100002A2
102
}
330
1F
100
AcDbEntity
  8
VISIBLE
100
AcDbLine
 10
-25.94551937564859
 20
-3.448553947359084
 30
0.0
 11
-19.73226042352584
 21
-2.982934558141626
 31
0.0
  0
ARC
  5
100002A5
102
{ACAD_XDICTIONARY
360
100002A6
102
}
330
1F
100
AcDbEntity
  8
VISIBLE
100
AcDbCircle
 10
-25.87078928206216
 20
-4.445757744540265
 30
0.0
 40
1.0
100
AcDbArc
 50
94.2857142857145
 51
189.7507380856202
  0
ARC
  5
100002AB
102
{ACAD_XDICTIONARY
360
100002AC
102
}
330
1F
100
AcDbEntity
  8
VISIBLE
100
AcDbCircle
 10
0.0000000000000013
 20
-0.0000000000000451
 30
0.0
 40
27.25
100
AcDbArc
 50
189.7507380856201
 51
195.9635476286655
  0
ARC
  5
100002B1
102
{ACAD_XDICTIONARY
360
100002B2
102
}
330
1F
100
AcDbEntity
  8
VISIBLE
100
AcDbCircle
 10
-25.23771772461355
 20
-7.219425465556756
 30
0.0
 40
1.0
100
AcDbArc
 50
195.9635476286657
 51
291.4285714285716
  0
LINE
  5
100002B7
102
{ACAD_XDICTIONARY
360
100002B8
102
}
330
1F
100
AcDbEntity
  8
VISIBLE
100
AcDbLine
 10
-24.87237670024716
 20
-8.150299214200961
 30
0.0
 11
-19.07239913456926
 21
-5.873975761924961
 31
0.0
  0
ARC
  5
100002BB
102
{ACAD_XDICTIONARY
360
100002BC
102
}
330
1F
100
AcDbEntity
  8
VISIBLE
100
AcDbCircle
 10
-18.52438759801966
 20
-7.270286384891272
 30
0.0
 40
1.500000000000006
100
AcDbArc
 50
291.4285714285714
 51
111.4285714285716
  0
LINE
  5
100002C1
102
{ACAD_XDICTIONARY
360
100002C2
102
}
330
1F
100
AcDbEntity
  8
VISIBLE
100
AcDbLine
 10
-23.77635362714796
 20
-10.94292046013359
 30
0.0
 11
-17.97637606147006
 21
-8.666597007857584
 31
0.0
  0
ARC
  5
100002C5
102
{ACAD_XDICTIONARY
360
100002C6
102
}
330
1F
100
AcDbEntity
  8
VISIBLE
100
AcDbCircle
 10
-23.41101260278156
 20
-11.8737942087778
 30
0.0
 40
1.0
100
AcDbArc
 50
111.4285714285716
 51
206.8935952284774
  0
ARC
  5
100002CB
102
{ACAD_XDICTIONARY
360
100002CC
102
}
330
1F
100
AcDbEntity
  8
VISIBLE
100
AcDbCircle
 10
0.0000000000000013
 20
-0.0000000000000451
 30
0.0
 40
27.25
100
AcDbArc
 50
206.8935952284773
 51
213.1064047715226
  0
ARC
  5
100002D1
102
{ACAD_XDICTIONARY
360
100002D2
102
}
330
1F
100
AcDbEntity
  8
VISIBLE
100
AcDbCircle
 10
-21.98851372550089
 20
-14.33763453793761
 30
0.0
 40
1.0
100
AcDbArc
 50
213.1064047715227
 51
308.5714285714286
  0
LINE
  5
100002D7
102
{ACAD_XDICTIONARY
360
100002D8
102
}
330
1F
100
AcDbEntity
  8
VISIBLE
100
AcDbLine
 10
-21.36502392364215
 20
-15.11946602040564
 30
0.0
 11
-16.49368120390189
 21
-11.23469983328675
 31
0.0
  0
ARC
  5
100002DB
102
{ACAD_XDICTIONARY
360
100002DC
102
}
330
1F
100
AcDbEntity
  8
VISIBLE
100
AcDbCircle
 10
-15.55844650111379
 20
-12.4074470569888
 30
0.0
 40
1.500000000000006
100
AcDbArc
 50
308.5714285714286
 51
128.5714285714286
  0
LINE
  5
100002E1
102
{ACAD_XDICTIONARY
360
100002E2
102
}
330
1F
100
AcDbEntity
  8
VISIBLE
100
AcDbLine
 10
-19.49455451806594
 20
-17.46496046780974
 30
0.0
 11
-14.62321179832569
 21
-13.58019428069085
 31
0.0
  0
ARC
  5
100002E5
102
{ACAD_XDICTIONARY
360
100002E6
102
}
330
1F
100
AcDbEntity
  8
VISIBLE
100
AcDbCircle
 10
-18.8710647162072
 20
-18.24679195027777
 30
0.0
 40
1.0
100
AcDbArc
 50
128.5714285714287
 51
224.0364523713347
  0
ARC
  5
100002EB
102
{ACAD_XDICTIONARY
360
100002EC
102
}
330
1F
100
AcDbEntity
  8
VISIBLE
100
AcDbCircle
 10
0.0000000000000013
 20
-0.0000000000000451
 30
0.0
 40
27.25
100
AcDbArc
 50
224.0364523713344
 51
230.2492619143798
  0
ARC
  5
100002F1
102
{ACAD_XDICTIONARY
360
100002F2
102
}
330
1F
100
AcDbEntity
  8
VISIBLE
100
AcDbCircle
 10
-16.78553378687434
 20
-20.1818818619499
 30
0.0
 40
1.0
100
AcDbArc
 50
230.2492619143799
 51
325.7142857142859
  0
LINE
  5
100002F7
102
{ACAD_XDICTIONARY
360
100002F8
102
}
330
1F
100
AcDbEntity
  8
VISIBLE
100
AcDbLine
 10
-15.95929501255834
 20
-20.74520192001352
 30
0.0
 11
-12.44942731694007
 21
-15.59717152179286
 31
0.0
  0
ARC
  5
100002FB
102
{ACAD_XDICTIONARY
360
100002FC
102
}
330
1F
100
AcDbEntity
  8
VISIBLE
100
AcDbCircle
 10
-11.21006915546607
 20
-16.4421516088883
 30
0.0
 40
1.500000000000006
100
AcDbArc
 50
325.7142857142857
 51
145.7142857142857
  0
LINE
  5
10000301
102
{ACAD_XDICTIONARY
360
10000302
102
}
330
1F
100
AcDbEntity
  8
VISIBLE
100
AcDbLine
 10
-13.48057868961034
 20
-22.4351620942044
 30
0.0
 11
-9.970710993992073
 21
-17.28713169598374
 31
0.0
  0
ARC
  5
10000305
102
{ACAD_XDICTIONARY
360
10000306
102
}
330
1F
100
AcDbEntity
  8
VISIBLE
100
AcDbCircle
 10
-12.65433991529435
 20
-22.99848215226802
 30
0.0
 40
1.0
100
AcDbArc
 50
145.7142857142858
 51
241.1793095141916
  0
CIRCLE
  5
1000030B
102
{ACAD_XDICTIONARY
360
1000030C
102
}
330
1F
100
AcDbEntity
  8
VISIBLE
100
AcDbCircle
 10
0.0
 20
0.0000000000000006
 30
0.0
 40
10.0
  0
ENDSEC
  0
SECTION
  2
OBJECTS
  0
DICTIONARY
  5
C
330
0
100
AcDbDictionary
  3
ACAD_GROUP
350
D
  3
ACAD_LAYOUT
350
1A
  3
ACAD_MATERIAL
350
43
  3
ACAD_MLEADERSTYLE
350
5B
  3
ACAD_MLINESTYLE
350
17
  3
ACAD_PLOTSETTINGS
350
19
  3
ACAD_SCALELIST
350
47
  3
ACAD_VISUALSTYLE
350
2A
  3
ACDBHEADERROUNDTRIPXREC
350
10000313
  3
ACDBVARIABLEDICTIONARY
350
10000334
  3
DWGPROPS
350
1000033F
  3
ONSHAPE_DATA
350
10000001
  0
DICTIONARY
  5
10000340
330
8
100
AcDbDictionary
280
     1
  3
ACAD_XREC_ROUNDTRIP
360
10000341
  0
DICTIONARY
  5
10000311
330
1F
100
AcDbDictionary
280
     1
  3
ACAD_SORTENTS
360
10000312
  0
DICTIONARY
  5
1000005A
330
10000059
100
AcDbDictionary
280
     1
  3
BTARCONSURFACERADIUS
360
1000005D
  3
BTDETID
360
1000005B
  3
BTOWNERFACEID_
360
1000005C
  3
BTPARTID
360
1000005E
  0
DICTIONARY
  5
10000060
330
1000005F
100
AcDbDictionary
280
     1
  3
BTARCONSURFACERADIUS
360
10000063
  3
BTDETID
360
10000061
  3
BTOWNERFACEID_
360
10000062
  3
BTPARTID
360
10000064
  0
DICTIONARY
  5
10000066
330
10000065
100
AcDbDictionary
280
     1
  3
BTARCONSURFACERADIUS
360
10000069
  3
BTDETID
360
10000067
  3
BTOWNERFACEID_
360
10000068
  3
BTPARTID
360
1000006A
  0
DICTIONARY
  5
1000006C
330
1000006B
100
AcDbDictionary
280
     1
  3
BTARCONSURFACERADIUS
360
1000006F
  3
BTDETID
360
1000006D
  3
BTOWNERFACEID_
360
1000006E
  3
BTPARTID
360
10000070
  0
DICTIONARY
  5
10000072
330
10000071
100
AcDbDictionary
280
     1
  3
BTARCONSURFACERADIUS
360
10000075
  3
BTDETID
360
10000073
  3
BTOWNERFACEID_
360
10000074
  3
BTPARTID
360
10000076
  0
DICTIONARY
  5
10000078
330
10000077
100
AcDbDictionary
280
     1
  3
BTDETID
360
10000079
  3
BTPARTID
360
1000007A
  0
DICTIONARY
  5
1000007C
330
1000007B
100
AcDbDictionary
280
     1
  3
BTARCONSURFACERADIUS
360
1000007F
  3
BTDETID
360
1000007D
  3
BTOWNERFACEID_
360
1000007E
  3
BTPARTID
360
10000080
  0
DICTIONARY
  5
10000082
330
10000081
100
AcDbDictionary
280
     1
  3
BTDETID
360
10000083
  3
BTPARTID
360
10000084
  0
DICTIONARY
  5
10000086
330
10000085
100
AcDbDictionary
280
     1
  3
BTARCONSURFACERADIUS
360
10000089
  3
BTDETID
360
10000087
  3
BTOWNERFACEID_
360
10000088
  3
BTPARTID
360
1000008A
  0
DICTIONARY
  5
1000008C
330
1000008B
100
AcDbDictionary
280
     1
  3
BTARCONSURFACERADIUS
360
1000008F
  3
BTDETID
360
1000008D
  3
BTOWNERFACEID_
360
1000008E
  3
BTPARTID
360
10000090
  0
DICTIONARY
  5
10000092
330
10000091
100
AcDbDictionary
280
     1
  3
BTARCONSURFACERADIUS
360
10000095
  3
BTDETID
360
10000093
  3
BTOWNERFACEID_
360
10000094
  3
BTPARTID
360
10000096
  0
DICTIONARY
  5
10000098
330
10000097
100
AcDbDictionary
280
     1
  3
BTDETID
360
10000099
  3
BTPARTID
360
1000009A
  0
DICTIONARY
  5
1000009C
330
1000009B
100
AcDbDictionary
280
     1
  3
BTARCONSURFACERADIUS
360
1000009F
  3
BTDETID
360
1000009D
  3
BTOWNERFACEID_
360
1000009E
  3
BTPARTID
360
100000A0
  0
DICTIONARY
  5
100000A2
330
100000A1
100
AcDbDictionary
280
     1
  3
BTDETID
360
100000A3
  3
BTPARTID
360
100000A4
  0
DICTIONARY
  5
100000A6
330
100000A5
100
AcDbDictionary
280
     1
  3
BTARCONSURFACERADIUS
360
100000A9
  3
BTDETID
360
100000A7
  3
BTOWNERFACEID_
360
100000A8
  3
BTPARTID
360
100000AA
  0
DICTIONARY
  5
100000AC
330
100000AB
100
AcDbDictionary
280
     1
  3
BTARCONSURFACERADIUS
360
100000AF
  3
BTDETID
360
100000AD
  3
BTOWNERFACEID_
360
100000AE
  3
BTPARTID
360
100000B0
  0
DICTIONARY
  5
100000B2
330
100000B1
100
AcDbDictionary
280
     1
  3
BTARCONSURFACERADIUS
360
100000B5
  3
BTDETID
360
100000B3
  3
BTOWNERFACEID_
360
100000B4
  3
BTPARTID
360
100000B6
  0
DICTIONARY
  5
100000B8
330
100000B7
100
AcDbDictionary
280
     1
  3
BTDETID
360
100000B9
  3
BTPARTID
360
100000BA
  0
DICTIONARY
  5
100000BC
330
100000BB
100
AcDbDictionary
280
     1
  3
BTARCONSURFACERADIUS
360
100000BF
  3
BTDETID
360
100000BD
  3
BTOWNERFACEID_
360
100000BE
  3
BTPARTID
360
100000C0
  0
DICTIONARY
  5
100000C2
330
100000C1
100
AcDbDictionary
280
     1
  3
BTDETID
360
100000C3
  3
BTPARTID
360
100000C4
  0
DICTIONARY
  5
100000C6
330
100000C5
100
AcDbDictionary
280
     1
  3
BTARCONSURFACERADIUS
360
100000C9
  3
BTDETID
360
100000C7
  3
BTOWNERFACEID_
360
100000C8
  3
BTPARTID
360
100000CA
  0
DICTIONARY
  5
100000CC
330
100000CB
100
AcDbDictionary
280
     1
  3
BTARCONSURFACERADIUS
360
100000CF
  3
BTDETID
360
100000CD
  3
BTOWNERFACEID_
360
100000CE
  3
BTPARTID
360
100000D0
  0
DICTIONARY
  5
100000D2
330
100000D1
100
AcDbDictionary
280
     1
  3
BTARCONSURFACERADIUS
360
100000D5
  3
BTDETID
360
100000D3
  3
BTOWNERFACEID_
360
100000D4
  3
BTPARTID
360
100000D6
  0
DICTIONARY
  5
100000D8
330
100000D7
100
AcDbDictionary
280
     1
  3
BTDETID
360
100000D9
  3
BTPARTID
360
100000DA
  0
DICTIONARY
  5
100000DC
330
100000DB
100
AcDbDictionary
280
     1
  3
BTARCONSURFACERADIUS
360
100000DF
  3
BTDETID
360
100000DD
  3
BTOWNERFACEID_
360
100000DE
  3
BTPARTID
360
100000E0
  0
DICTIONARY
  5
100000E2
330
100000E1
100
AcDbDictionary
280
     1
  3
BTDETID
360
100000E3
  3
BTPARTID
360
100000E4
  0
DICTIONARY
  5
100000E6
330
100000E5
100
AcDbDictionary
280
     1
  3
BTARCONSURFACERADIUS
360
100000E9
  3
BTDETID
360
100000E7
  3
BTOWNERFACEID_
360
100000E8
  3
BTPARTID
360
100000EA
  0
DICTIONARY
  5
100000EC
330
100000EB
100
AcDbDictionary
280
     1
  3
BTARCONSURFACERADIUS
360
100000EF
  3
BTDETID
360
100000ED
  3
BTOWNERFACEID_
360
100000EE
  3
BTPARTID
360
100000F0
  0
DICTIONARY
  5
100000F2
330
100000F1
100
AcDbDictionary
280
     1
  3
BTARCONSURFACERADIUS
360
100000F5
  3
BTDETID
360
100000F3
  3
BTOWNERFACEID_
360
100000F4
  3
BTPARTID
360
100000F6
  0
DICTIONARY
  5
100000F8
330
100000F7
100
AcDbDictionary
280
     1
  3
BTDETID
360
100000F9
  3
BTPARTID
360
100000FA
  0
DICTIONARY
  5
100000FC
330
100000FB
100
AcDbDictionary
280
     1
  3
BTARCONSURFACERADIUS
360
100000FF
  3
BTDETID
360
100000FD
  3
BTOWNERFACEID_
360
100000FE
  3
BTPARTID
360
10000100
  0
DICTIONARY
  5
10000102
330
10000101
100
AcDbDictionary
280
     1
  3
BTDETID
360
10000103
  3
BTPARTID
360
10000104
  0
DICTIONARY
  5
10000106
330
10000105
100
AcDbDictionary
280
     1
  3
BTARCONSURFACERADIUS
360
10000109
  3
BTDETID
360
10000107
  3
BTOWNERFACEID_
360
10000108
  3
BTPARTID
360
1000010A
  0
DICTIONARY
  5
1000010C
330
1000010B
100
AcDbDictionary
280
     1
  3
BTARCONSURFACERADIUS
360
1000010F
  3
BTDETID
360
1000010D
  3
BTOWNERFACEID_
360
1000010E
  3
BTPARTID
360
10000110
  0
DICTIONARY
  5
10000112
330
10000111
100
AcDbDictionary
280
     1
  3
BTARCONSURFACERADIUS
360
10000115
  3
BTDETID
360
10000113
  3
BTOWNERFACEID_
360
10000114
  3
BTPARTID
360
10000116
  0
DICTIONARY
  5
10000118
330
10000117
100
AcDbDictionary
280
     1
  3
BTDETID
360
10000119
  3
BTPARTID
360
1000011A
  0
DICTIONARY
  5
1000011C
330
1000011B
100
AcDbDictionary
280
     1
  3
BTARCONSURFACERADIUS
360
1000011F
  3
BTDETID
360
1000011D
  3
BTOWNERFACEID_
360
1000011E
  3
BTPARTID
360
10000120
  0
DICTIONARY
  5
10000122
330
10000121
100
AcDbDictionary
280
     1
  3
BTDETID
360
10000123
  3
BTPARTID
360
10000124
  0
DICTIONARY
  5
10000126
330
10000125
100
AcDbDictionary
280
     1
  3
BTARCONSURFACERADIUS
360
10000129
  3
BTDETID
360
10000127
  3
BTOWNERFACEID_
360
10000128
  3
BTPARTID
360
1000012A
  0
DICTIONARY
  5
1000012C
330
1000012B
100
AcDbDictionary
280
     1
  3
BTARCONSURFACERADIUS
360
1000012F
  3
BTDETID
360
1000012D
  3
BTOWNERFACEID_
360
1000012E
  3
BTPARTID
360
10000130
  0
DICTIONARY
  5
10000132
330
10000131
100
AcDbDictionary
280
     1
  3
BTARCONSURFACERADIUS
360
10000135
  3
BTDETID
360
10000133
  3
BTOWNERFACEID_
360
10000134
  3
BTPARTID
360
10000136
  0
DICTIONARY
  5
10000138
330
10000137
100
AcDbDictionary
280
     1
  3
BTDETID
360
10000139
  3
BTPARTID
360
1000013A
  0
DICTIONARY
  5
1000013C
330
1000013B
100
AcDbDictionary
280
     1
  3
BTARCONSURFACERADIUS
360
1000013F
  3
BTDETID
360
1000013D
  3
BTOWNERFACEID_
360
1000013E
  3
BTPARTID
360
10000140
  0
DICTIONARY
  5
10000142
330
10000141
100
AcDbDictionary
280
     1
  3
BTDETID
360
10000143
  3
BTPARTID
360
10000144
  0
DICTIONARY
  5
10000146
330
10000145
100
AcDbDictionary
280
     1
  3
BTARCONSURFACERADIUS
360
10000149
  3
BTDETID
360
10000147
  3
BTOWNERFACEID_
360
10000148
  3
BTPARTID
360
1000014A
  0
DICTIONARY
  5
1000014C
330
1000014B
100
AcDbDictionary
280
     1
  3
BTARCONSURFACERADIUS
360
1000014F
  3
BTDETID
360
1000014D
  3
BTOWNERFACEID_
360
1000014E
  3
BTPARTID
360
10000150
  0
DICTIONARY
  5
10000152
330
10000151
100
AcDbDictionary
280
     1
  3
BTARCONSURFACERADIUS
360
10000155
  3
BTDETID
360
10000153
  3
BTOWNERFACEID_
360
10000154
  3
BTPARTID
360
10000156
  0
DICTIONARY
  5
10000158
330
10000157
100
AcDbDictionary
280
     1
  3
BTDETID
360
10000159
  3
BTPARTID
360
1000015A
  0
DICTIONARY
  5
1000015C
330
1000015B
100
AcDbDictionary
280
     1
  3
BTARCONSURFACERADIUS
360
1000015F
  3
BTDETID
360
1000015D
  3
BTOWNERFACEID_
360
1000015E
  3
BTPARTID
360
10000160
  0
DICTIONARY
  5
10000162
330
10000161
100
AcDbDictionary
280
     1
  3
BTDETID
360
10000163
  3
BTPARTID
360
10000164
  0
DICTIONARY
  5
10000166
330
10000165
100
AcDbDictionary
280
     1
  3
BTARCONSURFACERADIUS
360
10000169
  3
BTDETID
360
10000167
  3
BTOWNERFACEID_
360
10000168
  3
BTPARTID
360
1000016A
  0
DICTIONARY
  5
1000016C
330
1000016B
100
AcDbDictionary
280
     1
  3
BTARCONSURFACERADIUS
360
1000016F
  3
BTDETID
360
1000016D
  3
BTOWNERFACEID_
360
1000016E
  3
BTPARTID
360
10000170
  0
DICTIONARY
  5
10000172
330
10000171
100
AcDbDictionary
280
     1
  3
BTARCONSURFACERADIUS
360
10000175
  3
BTDETID
360
10000173
  3
BTOWNERFACEID_
360
10000174
  3
BTPARTID
360
10000176
  0
DICTIONARY
  5
10000178
330
10000177
100
AcDbDictionary
280
     1
  3
BTDETID
360
10000179
  3
BTPARTID
360
1000017A
  0
DICTIONARY
  5
1000017C
330
1000017B
100
AcDbDictionary
280
     1
  3
BTARCONSURFACERADIUS
360
1000017F
  3
BTDETID
360
1000017D
  3
BTOWNERFACEID_
360
1000017E
  3
BTPARTID
360
10000180
  0
DICTIONARY
  5
10000182
330
10000181
100
AcDbDictionary
280
     1
  3
BTDETID
360
10000183
  3
BTPARTID
360
10000184
  0
DICTIONARY
  5
10000186
330
10000185
100
AcDbDictionary
280
     1
  3
BTARCONSURFACERADIUS
360
10000189
  3
BTDETID
360
10000187
  3
BTOWNERFACEID_
360
10000188
  3
BTPARTID
360
1000018A
  0
DICTIONARY
  5
1000018C
330
1000018B
100
AcDbDictionary
280
     1
  3
BTARCONSURFACERADIUS
360
1000018F
  3
BTDETID
360
1000018D
  3
BTOWNERFACEID_
360
1000018E
  3
BTPARTID
360
10000190
  0
DICTIONARY
  5
10000192
330
10000191
100
AcDbDictionary
280
     1
  3
BTARCONSURFACERADIUS
360
10000195
  3
BTDETID
360
10000193
  3
BTOWNERFACEID_
360
10000194
  3
BTPARTID
360
10000196
  0
DICTIONARY
  5
10000198
330
10000197
100
AcDbDictionary
280
     1
  3
BTDETID
360
10000199
  3
BTPARTID
360
1000019A
  0
DICTIONARY
  5
1000019C
330
1000019B
100
AcDbDictionary
280
     1
  3
BTARCONSURFACERADIUS
360
1000019F
  3
BTDETID
360
1000019D
  3
BTOWNERFACEID_
360
1000019E
  3
BTPARTID
360
100001A0
  0
DICTIONARY
  5
100001A2
330
100001A1
100
AcDbDictionary
280
     1
  3
BTDETID
360
100001A3
  3
BTPARTID
360
100001A4
  0
DICTIONARY
  5
100001A6
330
100001A5
100
AcDbDictionary
280
     1
  3
BTARCONSURFACERADIUS
360
100001A9
  3
BTDETID
360
100001A7
  3
BTOWNERFACEID_
360
100001A8
  3
BTPARTID
360
100001AA
  0
DICTIONARY
  5
100001AC
330
100001AB
100
AcDbDictionary
280
     1
  3
BTARCONSURFACERADIUS
360
100001AF
  3
BTDETID
360
100001AD
  3
BTOWNERFACEID_
360
100001AE
  3
BTPARTID
360
100001B0
  0
DICTIONARY
  5
100001B2
330
100001B1
100
AcDbDictionary
280
     1
  3
BTARCONSURFACERADIUS
360
100001B5
  3
BTDETID
360
100001B3
  3
BTOWNERFACEID_
360
100001B4
  3
BTPARTID
360
100001B6
  0
DICTIONARY
  5
100001B8
330
100001B7
100
AcDbDictionary
280
     1
  3
BTDETID
360
100001B9
  3
BTPARTID
360
100001BA
  0
DICTIONARY
  5
100001BC
330
100001BB
100
AcDbDictionary
280
     1
  3
BTARCONSURFACERADIUS
360
100001BF
  3
BTDETID
360
100001BD
  3
BTOWNERFACEID_
360
100001BE
  3
BTPARTID
360
100001C0
  0
DICTIONARY
  5
100001C2
330
100001C1
100
AcDbDictionary
280
     1
  3
BTDETID
360
100001C3
  3
BTPARTID
360
100001C4
  0
DICTIONARY
  5
100001C6
330
100001C5
100
AcDbDictionary
280
     1
  3
BTARCONSURFACERADIUS
360
100001C9
  3
BTDETID
360
100001C7
  3
BTOWNERFACEID_
360
100001C8
  3
BTPARTID
360
100001CA
  0
DICTIONARY
  5
100001CC
330
100001CB
100
AcDbDictionary
280
     1
  3
BTARCONSURFACERADIUS
360
100001CF
  3
BTDETID
360
100001CD
  3
BTOWNERFACEID_
360
100001CE
  3
BTPARTID
360
100001D0
  0
DICTIONARY
  5
100001D2
330
100001D1
100
AcDbDictionary
280
     1
  3
BTARCONSURFACERADIUS
360
100001D5
  3
BTDETID
360
100001D3
  3
BTOWNERFACEID_
360
100001D4
  3
BTPARTID
360
100001D6
  0
DICTIONARY
  5
100001D8
330
100001D7
100
AcDbDictionary
280
     1
  3
BTDETID
360
100001D9
  3
BTPARTID
360
100001DA
  0
DICTIONARY
  5
100001DC
330
100001DB
100
AcDbDictionary
280
     1
  3
BTARCONSURFACERADIUS
360
100001DF
  3
BTDETID
360
100001DD
  3
BTOWNERFACEID_
360
100001DE
  3
BTPARTID
360
100001E0
  0
DICTIONARY
  5
100001E2
330
100001E1
100
AcDbDictionary
280
     1
  3
BTDETID
360
100001E3
  3
BTPARTID
360
100001E4
  0
DICTIONARY
  5
100001E6
330
100001E5
100
AcDbDictionary
280
     1
  3
BTARCONSURFACERADIUS
360
100001E9
  3
BTDETID
360
100001E7
  3
BTOWNERFACEID_
360
100001E8
  3
BTPARTID
360
100001EA
  0
DICTIONARY
  5
100001EC
330
100001EB
100
AcDbDictionary
280
     1
  3
BTARCONSURFACERADIUS
360
100001EF
  3
BTDETID
360
100001ED
  3
BTOWNERFACEID_
360
100001EE
  3
BTPARTID
360
100001F0
  0
DICTIONARY
  5
100001F2
330
100001F1
100
AcDbDictionary
280
     1
  3
BTARCONSURFACERADIUS
360
100001F5
  3
BTDETID
360
100001F3
  3
BTOWNERFACEID_
360
100001F4
  3
BTPARTID
360
100001F6
  0
DICTIONARY
  5
100001F8
330
100001F7
100
AcDbDictionary
280
     1
  3
BTDETID
360
100001F9
  3
BTPARTID
360
100001FA
  0
DICTIONARY
  5
100001FC
330
100001FB
100
AcDbDictionary
280
     1
  3
BTARCONSURFACERADIUS
360
100001FF
  3
BTDETID
360
100001FD
  3
BTOWNERFACEID_
360
100001FE
  3
BTPARTID
360
10000200
  0
DICTIONARY
  5
10000202
330
10000201
100
AcDbDictionary
280
     1
  3
BTDETID
360
10000203
  3
BTPARTID
360
10000204
  0
DICTIONARY
  5
10000206
330
10000205
100
AcDbDictionary
280
     1
  3
BTARCONSURFACERADIUS
360
10000209
  3
BTDETID
360
10000207
  3
BTOWNERFACEID_
360
10000208
  3
BTPARTID
360
1000020A
  0
DICTIONARY
  5
1000020C
330
1000020B
100
AcDbDictionary
280
     1
  3
BTARCONSURFACERADIUS
360
1000020F
  3
BTDETID
360
1000020D
  3
BTOWNERFACEID_
360
1000020E
  3
BTPARTID
360
10000210
  0
DICTIONARY
  5
10000212
330
10000211
100
AcDbDictionary
280
     1
  3
BTARCONSURFACERADIUS
360
10000215
  3
BTDETID
360
10000213
  3
BTOWNERFACEID_
360
10000214
  3
BTPARTID
360
10000216
  0
DICTIONARY
  5
10000218
330
10000217
100
AcDbDictionary
280
     1
  3
BTDETID
360
10000219
  3
BTPARTID
360
1000021A
  0
DICTIONARY
  5
1000021C
330
1000021B
100
AcDbDictionary
280
     1
  3
BTARCONSURFACERADIUS
360
1000021F
  3
BTDETID
360
1000021D
  3
BTOWNERFACEID_
360
1000021E
  3
BTPARTID
360
10000220
  0
DICTIONARY
  5
10000222
330
10000221
100
AcDbDictionary
280
     1
  3
BTDETID
360
10000223
  3
BTPARTID
360
10000224
  0
DICTIONARY
  5
10000226
330
10000225
100
AcDbDictionary
280
     1
  3
BTARCONSURFACERADIUS
360
10000229
  3
BTDETID
360
10000227
  3
BTOWNERFACEID_
360
10000228
  3
BTPARTID
360
1000022A
  0
DICTIONARY
  5
1000022C
330
1000022B
100
AcDbDictionary
280
     1
  3
BTARCONSURFACERADIUS
360
1000022F
  3
BTDETID
360
1000022D
  3
BTOWNERFACEID_
360
1000022E
  3
BTPARTID
360
10000230
  0
DICTIONARY
  5
10000232
330
10000231
100
AcDbDictionary
280
     1
  3
BTARCONSURFACERADIUS
360
10000235
  3
BTDETID
360
10000233
  3
BTOWNERFACEID_
360
10000234
  3
BTPARTID
360
10000236
  0
DICTIONARY
  5
10000238
330
10000237
100
AcDbDictionary
280
     1
  3
BTDETID
360
10000239
  3
BTPARTID
360
1000023A
  0
DICTIONARY
  5
1000023C
330
1000023B
100
AcDbDictionary
280
     1
  3
BTARCONSURFACERADIUS
360
1000023F
  3
BTDETID
360
1000023D
  3
BTOWNERFACEID_
360
1000023E
  3
BTPARTID
360
10000240
  0
DICTIONARY
  5
10000242
330
10000241
100
AcDbDictionary
280
     1
  3
BTDETID
360
10000243
  3
BTPARTID
360
10000244
  0
DICTIONARY
  5
10000246
330
10000245
100
AcDbDictionary
280
     1
  3
BTARCONSURFACERADIUS
360
10000249
  3
BTDETID
360
10000247
  3
BTOWNERFACEID_
360
10000248
  3
BTPARTID
360
1000024A
  0
DICTIONARY
  5
1000024C
330
1000024B
100
AcDbDictionary
280
     1
  3
BTARCONSURFACERADIUS
360
1000024F
  3
BTDETID
360
1000024D
  3
BTOWNERFACEID_
360
1000024E
  3
BTPARTID
360
10000250
  0
DICTIONARY
  5
10000252
330
10000251
100
AcDbDictionary
280
     1
  3
BTARCONSURFACERADIUS
360
10000255
  3
BTDETID
360
10000253
  3
BTOWNERFACEID_
360
10000254
  3
BTPARTID
360
10000256
  0
DICTIONARY
  5
10000258
330
10000257
100
AcDbDictionary
280
     1
  3
BTDETID
360
10000259
  3
BTPARTID
360
1000025A
  0
DICTIONARY
  5
1000025C
330
1000025B
100
AcDbDictionary
280
     1
  3
BTARCONSURFACERADIUS
360
1000025F
  3
BTDETID
360
1000025D
  3
BTOWNERFACEID_
360
1000025E
  3
BTPARTID
360
10000260
  0
DICTIONARY
  5
10000262
330
10000261
100
AcDbDictionary
280
     1
  3
BTDETID
360
10000263
  3
BTPARTID
360
10000264
  0
DICTIONARY
  5
10000266
330
10000265
100
AcDbDictionary
280
     1
  3
BTARCONSURFACERADIUS
360
10000269
  3
BTDETID
360
10000267
  3
BTOWNERFACEID_
360
10000268
  3
BTPARTID
360
1000026A
  0
DICTIONARY
  5
1000026C
330
1000026B
100
AcDbDictionary
280
     1
  3
BTARCONSURFACERADIUS
360
1000026F
  3
BTDETID
360
1000026D
  3
BTOWNERFACEID_
360
1000026E
  3
BTPARTID
360
10000270
  0
DICTIONARY
  5
10000272
330
10000271
100
AcDbDictionary
280
     1
  3
BTARCONSURFACERADIUS
360
10000275
  3
BTDETID
360
10000273
  3
BTOWNERFACEID_
360
10000274
  3
BTPARTID
360
10000276
  0
DICTIONARY
  5
10000278
330
10000277
100
AcDbDictionary
280
     1
  3
BTDETID
360
10000279
  3
BTPARTID
360
1000027A
  0
DICTIONARY
  5
1000027C
330
1000027B
100
AcDbDictionary
280
     1
  3
BTARCONSURFACERADIUS
360
1000027F
  3
BTDETID
360
1000027D
  3
BTOWNERFACEID_
360
1000027E
  3
BTPARTID
360
10000280
  0
DICTIONARY
  5
10000282
330
10000281
100
AcDbDictionary
280
     1
  3
BTDETID
360
10000283
  3
BTPARTID
360
10000284
  0
DICTIONARY
  5
10000286
330
10000285
100
AcDbDictionary
280
     1
  3
BTARCONSURFACERADIUS
360
10000289
  3
BTDETID
360
10000287
  3
BTOWNERFACEID_
360
10000288
  3
BTPARTID
360
1000028A
  0
DICTIONARY
  5
1000028C
330
1000028B
100
AcDbDictionary
280
     1
  3
BTARCONSURFACERADIUS
360
1000028F
  3
BTDETID
360
1000028D
  3
BTOWNERFACEID_
360
1000028E
  3
BTPARTID
360
10000290
  0
DICTIONARY
  5
10000292
330
10000291
100
AcDbDictionary
280
     1
  3
BTARCONSURFACERADIUS
360
10000295
  3
BTDETID
360
10000293
  3
BTOWNERFACEID_
360
10000294
  3
BTPARTID
360
10000296
  0
DICTIONARY
  5
10000298
330
10000297
100
AcDbDictionary
280
     1
  3
BTDETID
360
10000299
  3
BTPARTID
360
1000029A
  0
DICTIONARY
  5
1000029C
330
1000029B
100
AcDbDictionary
280
     1
  3
BTARCONSURFACERADIUS
360
1000029F
  3
BTDETID
360
1000029D
  3
BTOWNERFACEID_
360
1000029E
  3
BTPARTID
360
100002A0
  0
DICTIONARY
  5
100002A2
330
100002A1
100
AcDbDictionary
280
     1
  3
BTDETID
360
100002A3
  3
BTPARTID
360
100002A4
  0
DICTIONARY
  5
100002A6
330
100002A5
100
AcDbDictionary
280
     1
  3
BTARCONSURFACERADIUS
360
100002A9
  3
BTDETID
360
100002A7
  3
BTOWNERFACEID_
360
100002A8
  3
BTPARTID
360
100002AA
  0
DICTIONARY
  5
100002AC
330
100002AB
100
AcDbDictionary
280
     1
  3
BTARCONSURFACERADIUS
360
100002AF
  3
BTDETID
360
100002AD
  3
BTOWNERFACEID_
360
100002AE
  3
BTPARTID
360
100002B0
  0
DICTIONARY
  5
100002B2
330
100002B1
100
AcDbDictionary
280
     1
  3
BTARCONSURFACERADIUS
360
100002B5
  3
BTDETID
360
100002B3
  3
BTOWNERFACEID_
360
100002B4
  3
BTPARTID
360
100002B6
  0
DICTIONARY
  5
100002B8
330
100002B7
100
AcDbDictionary
280
     1
  3
BTDETID
360
100002B9
  3
BTPARTID
360
100002BA
  0
DICTIONARY
  5
100002BC
330
100002BB
100
AcDbDictionary
280
     1
  3
BTARCONSURFACERADIUS
360
100002BF
  3
BTDETID
360
100002BD
  3
BTOWNERFACEID_
360
100002BE
  3
BTPARTID
360
100002C0
  0
DICTIONARY
  5
100002C2
330
100002C1
100
AcDbDictionary
280
     1
  3
BTDETID
360
100002C3
  3
BTPARTID
360
100002C4
  0
DICTIONARY
  5
100002C6
330
100002C5
100
AcDbDictionary
280
     1
  3
BTARCONSURFACERADIUS
360
100002C9
  3
BTDETID
360
100002C7
  3
BTOWNERFACEID_
360
100002C8
  3
BTPARTID
360
100002CA
  0
DICTIONARY
  5
100002CC
330
100002CB
100
AcDbDictionary
280
     1
  3
BTARCONSURFACERADIUS
360
100002CF
  3
BTDETID
360
100002CD
  3
BTOWNERFACEID_
360
100002CE
  3
BTPARTID
360
100002D0
  0
DICTIONARY
  5
100002D2
330
100002D1
100
AcDbDictionary
280
     1
  3
BTARCONSURFACERADIUS
360
100002D5
  3
BTDETID
360
100002D3
  3
BTOWNERFACEID_
360
100002D4
  3
BTPARTID
360
100002D6
  0
DICTIONARY
  5
100002D8
330
100002D7
100
AcDbDictionary
280
     1
  3
BTDETID
360
100002D9
  3
BTPARTID
360
100002DA
  0
DICTIONARY
  5
100002DC
330
100002DB
100
AcDbDictionary
280
     1
  3
BTARCONSURFACERADIUS
360
100002DF
  3
BTDETID
360
100002DD
  3
BTOWNERFACEID_
360
100002DE
  3
BTPARTID
360
100002E0
  0
DICTIONARY
  5
100002E2
330
100002E1
100
AcDbDictionary
280
     1
  3
BTDETID
360
100002E3
  3
BTPARTID
360
100002E4
  0
DICTIONARY
  5
100002E6
330
100002E5
100
AcDbDictionary
280
     1
  3
BTARCONSURFACERADIUS
360
100002E9
  3
BTDETID
360
100002E7
  3
BTOWNERFACEID_
360
100002E8
  3
BTPARTID
360
100002EA
  0
DICTIONARY
  5
100002EC
330
100002EB
100
AcDbDictionary
280
     1
  3
BTARCONSURFACERADIUS
360
100002EF
  3
BTDETID
360
100002ED
  3
BTOWNERFACEID_
360
100002EE
  3
BTPARTID
360
100002F0
  0
DICTIONARY
  5
100002F2
330
100002F1
100
AcDbDictionary
280
     1
  3
BTARCONSURFACERADIUS
360
100002F5
  3
BTDETID
360
100002F3
  3
BTOWNERFACEID_
360
100002F4
  3
BTPARTID
360
100002F6
  0
DICTIONARY
  5
100002F8
330
100002F7
100
AcDbDictionary
280
     1
  3
BTDETID
360
100002F9
  3
BTPARTID
360
100002FA
  0
DICTIONARY
  5
100002FC
330
100002FB
100
AcDbDictionary
280
     1
  3
BTARCONSURFACERADIUS
360
100002FF
  3
BTDETID
360
100002FD
  3
BTOWNERFACEID_
360
100002FE
  3
BTPARTID
360
10000300
  0
DICTIONARY
  5
10000302
330
10000301
100
AcDbDictionary
280
     1
  3
BTDETID
360
10000303
  3
BTPARTID
360
10000304
  0
DICTIONARY
  5
10000306
330
10000305
100
AcDbDictionary
280
     1
  3
BTARCONSURFACERADIUS
360
10000309
  3
BTDETID
360
10000307
  3
BTOWNERFACEID_
360
10000308
  3
BTPARTID
360
1000030A
  0
DICTIONARY
  5
1000030C
330
1000030B
100
AcDbDictionary
280
     1
  3
BTARCONSURFACERADIUS
360
1000030F
  3
BTDETID
360
1000030D
  3
BTOWNERFACEID_
360
1000030E
  3
BTPARTID
360
10000310
  0
DICTIONARY
  5
D
102
{ACAD_REACTORS
330
C
102
}
330
C
100
AcDbDictionary
  0
DICTIONARY
  5
1A
102
{ACAD_REACTORS
330
C
102
}
330
C
100
AcDbDictionary
  0
DICTIONARY
  5
43
102
{ACAD_REACTORS
330
C
102
}
330
C
100
AcDbDictionary
  3
BYBLOCK
350
45
  3
BYLAYER
350
44
  3
GLOBAL
350
46
  0
DICTIONARY
  5
5B
102
{ACAD_REACTORS
330
C
102
}
330
C
100
AcDbDictionary
  3
STANDARD
350
5C
  0
DICTIONARY
  5
17
102
{ACAD_REACTORS
330
C
102
}
330
C
100
AcDbDictionary
  3
STANDARD
350
18
  0
DICTIONARY
  5
19
102
{ACAD_REACTORS
330
C
102
}
330
C
100
AcDbDictionary
  0
DICTIONARY
  5
47
102
{ACAD_REACTORS
330
C
102
}
330
C
100
AcDbDictionary
  3
SCALE100_1
350
10000023
  3
SCALE10_1
350
1000001D
  3
SCALE12_1
350
1000001E
  3
SCALE16_1
350
1000001F
  3
SCALE1_1
350
10000006
  3
SCALE1_10
350
1000000D
  3
SCALE1_100
350
10000016
  3
SCALE1_12
350
1000000E
  3
SCALE1_16
350
1000000F
  3
SCALE1_2
350
10000007
  3
SCALE1_20
350
10000010
  3
SCALE1_25
350
10000011
  3
SCALE1_3
350
10000008
  3
SCALE1_32
350
10000012
  3
SCALE1_4
350
10000009
  3
SCALE1_40
350
10000013
  3
SCALE1_5
350
1000000A
  3
SCALE1_50
350
10000014
  3
SCALE1_6
350
1000000B
  3
SCALE1_8
350
1000000C
  3
SCALE1_80
350
10000015
  3
SCALE20_1
350
10000020
  3
SCALE2_1
350
10000017
  3
SCALE32_1
350
10000021
  3
SCALE3_1
350
10000018
  3
SCALE4_1
350
10000019
  3
SCALE50_1
350
10000022
  3
SCALE5_1
350
1000001A
  3
SCALE6_1
350
1000001B
  3
SCALE8_1
350
1000001C
  0
DICTIONARY
  5
2A
102
{ACAD_REACTORS
330
C
102
}
330
C
100
AcDbDictionary
  3
2DWIREFRAME
350
2F
  3
BASIC
350
32
  3
BRIGHTEN
350
36
  3
COLORCHANGE
350
3A
  3
CONCEPTUAL
350
34
  3
DIM
350
35
  3
EDGECOLOROFF
350
3D
  3
FACEPATTERN
350
39
  3
FLAT
350
2B
  3
FLATWITHEDGES
350
2C
  3
GOURAUD
350
2D
  3
GOURAUDWITHEDGES
350
2E
  3
HIDDEN
350
31
  3
JITTEROFF
350
3B
  3
LINEPATTERN
350
38
  3
OVERHANGOFF
350
3C
  3
REALISTIC
350
33
  3
SHADED
350
42
  3
SHADED_WITH_EDGES
350
41
  3
SHADES_OF_GRAY
350
3E
  3
SKETCHY
350
3F
  3
THICKEN
350
37
  3
WIREFRAME
350
30
  3
X-RAY
350
40
  0
DICTIONARY
  5
10000313
102
{ACAD_REACTORS
330
C
102
}
330
C
100
AcDbDictionary
  3
CEPSNID
350
1000031D
  3
CEPSNTYPE
350
1000031C
  3
DIMSTYLEDATA
350
10000333
  3
FINGERPRINTGUID
350
1000031E
  3
HYPERLINKBASE
350
10000316
  3
INSUNITS
350
1000031B
  3
LAYOUTDICT
350
10000318
  3
LWETCUNION
350
1000031A
  3
PLOTSETDICT
350
10000319
  3
PSVPSCALE
350
10000320
  3
PUCSBASE
350
10000323
  3
PUCSORGBACK
350
10000329
  3
PUCSORGBOTTOM
350
10000325
  3
PUCSORGFRONT
350
10000328
  3
PUCSORGLEFT
350
10000326
  3
PUCSORGRIGHT
350
10000327
  3
PUCSORGTOP
350
10000324
  3
PUCSORTHOREF
350
10000321
  3
PUCSORTHOVIEW
350
10000322
  3
STYLESHEET
350
10000317
  3
TSTACKALIGN
350
10000314
  3
TSTACKSIZE
350
10000315
  3
UCSBASE
350
1000032C
  3
UCSORGBACK
350
10000332
  3
UCSORGBOTTOM
350
1000032E
  3
UCSORGFRONT
350
10000331
  3
UCSORGLEFT
350
1000032F
  3
UCSORGRIGHT
350
10000330
  3
UCSORGTOP
350
1000032D
  3
UCSORTHOREF
350
1000032A
  3
UCSORTHOVIEW
350
1000032B
  3
VERSIONGUID
350
1000031F
  0
DICTIONARY
  5
10000334
102
{ACAD_REACTORS
330
C
102
}
330
C
100
AcDbDictionary
  3
CANNOSCALE
350
10000342
  3
CENTEREXE
350
1000033B
  3
CENTERLTYPEFILE
350
1000033C
  3
CMLEADERSTYLE
350
10000336
  3
CTABLESTYLE
350
10000335
  3
DIMASSOC
350
1000033D
  3
HIDETEXT
350
1000033E
  3
MSLTSCALE
350
10000343
  3
PSOLHEIGHT
350
10000338
  3
PSOLWIDTH
350
10000337
  0
XRECORD
  5
1000033F
102
{ACAD_REACTORS
330
C
102
}
330
C
100
AcDbXrecord
  1
DWGPROPS COOKIE
  2

  3

  4

  6
File was created by BTDwgCreate
  7

  8
onshape
  9

300
=
301
=
302
=
303
=
304
=
305
=
306
=
307
=
308
=
309
=
 40
0.0
 41
2461166.580475625
 42
2461166.580475718
  1

 90
        0
  0
DICTIONARY
  5
10000001
102
{ACAD_REACTORS
330
C
102
}
330
C
100
AcDbDictionary
280
     1
  3
DIM_UNITS
360
10000003
  3
DWGGEN_VERSION
360
10000002
  3
FIRST_ANGLE
360
10000005
  0
XRECORD
  5
10000341
102
{ACAD_REACTORS
330
10000340
102
}
330
10000340
100
AcDbXrecord
102
VTR_0.000_0.000_1.000_1.000_VISUALSTYLE
340
2F
102
VTR_0.000_0.000_1.000_1.000_GRIDDISPLAY
 70
     3
102
VTR_0.000_0.000_1.000_1.000_GRIDMAJOR
 70
     5
102
VTR_0.000_0.000_1.000_1.000_DEFAULTLIGHTING
280
     1
102
VTR_0.000_0.000_1.000_1.000_DEFAULTLIGHTINGTYPE
 70
     1
102
VTR_0.000_0.000_1.000_1.000_BRIGHTNESS
141
0.0
102
VTR_0.000_0.000_1.000_1.000_CONTRAST
142
0.0
  0
SORTENTSTABLE
  5
10000312
102
{ACAD_REACTORS
330
10000311
102
}
330
10000311
100
AcDbSortentsTable
330
1F
  0
XRECORD
  5
1000005D
102
{ACAD_REACTORS
330
1000005A
102
}
330
1000005A
100
AcDbXrecord
 40
1.6
  0
XRECORD
  5
1000005B
102
{ACAD_REACTORS
330
1000005A
102
}
330
1000005A
100
AcDbXrecord
1000
JcN
  0
XRECORD
  5
1000005C
102
{ACAD_REACTORS
330
1000005A
102
}
330
1000005A
100
AcDbXrecord
1000
JcS
  0
XRECORD
  5
1000005E
102
{ACAD_REACTORS
330
1000005A
102
}
330
1000005A
100
AcDbXrecord
1000
JWD
  0
XRECORD
  5
10000063
102
{ACAD_REACTORS
330
10000060
102
}
330
10000060
100
AcDbXrecord
 40
1.6
  0
XRECORD
  5
10000061
102
{ACAD_REACTORS
330
10000060
102
}
330
10000060
100
AcDbXrecord
1000
JcR
  0
XRECORD
  5
10000062
102
{ACAD_REACTORS
330
10000060
102
}
330
10000060
100
AcDbXrecord
1000
JcS
  0
XRECORD
  5
10000064
102
{ACAD_REACTORS
330
10000060
102
}
330
10000060
100
AcDbXrecord
1000
JWD
  0
XRECORD
  5
10000069
102
{ACAD_REACTORS
330
10000066
102
}
330
10000066
100
AcDbXrecord
 40
1.6
  0
XRECORD
  5
10000067
102
{ACAD_REACTORS
330
10000066
102
}
330
10000066
100
AcDbXrecord
1000
JcV
  0
XRECORD
  5
10000068
102
{ACAD_REACTORS
330
10000066
102
}
330
10000066
100
AcDbXrecord
1000
JcS
  0
XRECORD
  5
1000006A
102
{ACAD_REACTORS
330
10000066
102
}
330
10000066
100
AcDbXrecord
1000
JWD
  0
XRECORD
  5
1000006F
102
{ACAD_REACTORS
330
1000006C
102
}
330
1000006C
100
AcDbXrecord
 40
27.25
  0
XRECORD
  5
1000006D
102
{ACAD_REACTORS
330
1000006C
102
}
330
1000006C
100
AcDbXrecord
1000
KalW
  0
XRECORD
  5
1000006E
102
{ACAD_REACTORS
330
1000006C
102
}
330
1000006C
100
AcDbXrecord
1000
JcS
  0
XRECORD
  5
10000070
102
{ACAD_REACTORS
330
1000006C
102
}
330
1000006C
100
AcDbXrecord
1000
JWD
  0
XRECORD
  5
10000075
102
{ACAD_REACTORS
330
10000072
102
}
330
10000072
100
AcDbXrecord
 40
1.0
  0
XRECORD
  5
10000073
102
{ACAD_REACTORS
330
10000072
102
}
330
10000072
100
AcDbXrecord
1000
KapT
  0
XRECORD
  5
10000074
102
{ACAD_REACTORS
330
10000072
102
}
330
10000072
100
AcDbXrecord
1000
JcS
  0
XRECORD
  5
10000076
102
{ACAD_REACTORS
330
10000072
102
}
330
10000072
100
AcDbXrecord
1000
JWD
  0
XRECORD
  5
10000079
102
{ACAD_REACTORS
330
10000078
102
}
330
10000078
100
AcDbXrecord
1000
Ka9T
  0
XRECORD
  5
1000007A
102
{ACAD_REACTORS
330
10000078
102
}
330
10000078
100
AcDbXrecord
1000
JWD
  0
XRECORD
  5
1000007F
102
{ACAD_REACTORS
330
1000007C
102
}
330
1000007C
100
AcDbXrecord
 40
1.500000000000006
  0
XRECORD
  5
1000007D
102
{ACAD_REACTORS
330
1000007C
102
}
330
1000007C
100
AcDbXrecord
1000
KaFT
  0
XRECORD
  5
1000007E
102
{ACAD_REACTORS
330
1000007C
102
}
330
1000007C
100
AcDbXrecord
1000
JcS
  0
XRECORD
  5
10000080
102
{ACAD_REACTORS
330
1000007C
102
}
330
1000007C
100
AcDbXrecord
1000
JWD
  0
XRECORD
  5
10000083
102
{ACAD_REACTORS
330
10000082
102
}
330
10000082
100
AcDbXrecord
1000
Ka5T
  0
XRECORD
  5
10000084
102
{ACAD_REACTORS
330
10000082
102
}
330
10000082
100
AcDbXrecord
1000
JWD
  0
XRECORD
  5
10000089
102
{ACAD_REACTORS
330
10000086
102
}
330
10000086
100
AcDbXrecord
 40
1.0
  0
XRECORD
  5
10000087
102
{ACAD_REACTORS
330
10000086
102
}
330
10000086
100
AcDbXrecord
1000
KaZT
  0
XRECORD
  5
10000088
102
{ACAD_REACTORS
330
10000086
102
}
330
10000086
100
AcDbXrecord
1000
JcS
  0
XRECORD
  5
1000008A
102
{ACAD_REACTORS
330
10000086
102
}
330
10000086
100
AcDbXrecord
1000
JWD
  0
XRECORD
  5
1000008F
102
{ACAD_REACTORS
330
1000008C
102
}
330
1000008C
100
AcDbXrecord
 40
27.25
  0
XRECORD
  5
1000008D
102
{ACAD_REACTORS
330
1000008C
102
}
330
1000008C
100
AcDbXrecord
1000
KaZV
  0
XRECORD
  5
1000008E
102
{ACAD_REACTORS
330
1000008C
102
}
330
1000008C
100
AcDbXrecord
1000
JcS
  0
XRECORD
  5
10000090
102
{ACAD_REACTORS
330
1000008C
102
}
330
1000008C
100
AcDbXrecord
1000
JWD
  0
XRECORD
  5
10000095
102
{ACAD_REACTORS
330
10000092
102
}
330
10000092
100
AcDbXrecord
 40
1.0
  0
XRECORD
  5
10000093
102
{ACAD_REACTORS
330
10000092
102
}
330
10000092
100
AcDbXrecord
1000
JZZ
  0
XRECORD
  5
10000094
102
{ACAD_REACTORS
330
10000092
102
}
330
10000092
100
AcDbXrecord
1000
JcS
  0
XRECORD
  5
10000096
102
{ACAD_REACTORS
330
10000092
102
}
330
10000092
100
AcDbXrecord
1000
JWD
  0
XRECORD
  5
10000099
102
{ACAD_REACTORS
330
10000098
102
}
330
10000098
100
AcDbXrecord
1000
JZt
  0
XRECORD
  5
1000009A
102
{ACAD_REACTORS
330
10000098
102
}
330
10000098
100
AcDbXrecord
1000
JWD
  0
XRECORD
  5
1000009F
102
{ACAD_REACTORS
330
1000009C
102
}
330
1000009C
100
AcDbXrecord
 40
1.500000000000006
  0
XRECORD
  5
1000009D
102
{ACAD_REACTORS
330
1000009C
102
}
330
1000009C
100
AcDbXrecord
1000
JYV
  0
XRECORD
  5
1000009E
102
{ACAD_REACTORS
330
1000009C
102
}
330
1000009C
100
AcDbXrecord
1000
JcS
  0
XRECORD
  5
100000A0
102
{ACAD_REACTORS
330
1000009C
102
}
330
1000009C
100
AcDbXrecord
1000
JWD
  0
XRECORD
  5
100000A3
102
{ACAD_REACTORS
330
100000A2
102
}
330
100000A2
100
AcDbXrecord
1000
JZp
  0
XRECORD
  5
100000A4
102
{ACAD_REACTORS
330
100000A2
102
}
330
100000A2
100
AcDbXrecord
1000
JWD
  0
XRECORD
  5
100000A9
102
{ACAD_REACTORS
330
100000A6
102
}
330
100000A6
100
AcDbXrecord
 40
1.0
  0
XRECORD
  5
100000A7
102
{ACAD_REACTORS
330
100000A6
102
}
330
100000A6
100
AcDbXrecord
1000
JZJ
  0
XRECORD
  5
100000A8
102
{ACAD_REACTORS
330
100000A6
102
}
330
100000A6
100
AcDbXrecord
1000
JcS
  0
XRECORD
  5
100000AA
102
{ACAD_REACTORS
330
100000A6
102
}
330
100000A6
100
AcDbXrecord
1000
JWD
  0
XRECORD
  5
100000AF
102
{ACAD_REACTORS
330
100000AC
102
}
330
100000AC
100
AcDbXrecord
 40
27.25
  0
XRECORD
  5
100000AD
102
{ACAD_REACTORS
330
100000AC
102
}
330
100000AC
100
AcDbXrecord
1000
KaVV
  0
XRECORD
  5
100000AE
102
{ACAD_REACTORS
330
100000AC
102
}
330
100000AC
100
AcDbXrecord
1000
JcS
  0
XRECORD
  5
100000B0
102
{ACAD_REACTORS
330
100000AC
102
}
330
100000AC
100
AcDbXrecord
1000
JWD
  0
XRECORD
  5
100000B5
102
{ACAD_REACTORS
330
100000B2
102
}
330
100000B2
100
AcDbXrecord
 40
1.0
  0
XRECORD
  5
100000B3
102
{ACAD_REACTORS
330
100000B2
102
}
330
100000B2
100
AcDbXrecord
1000
Jap
  0
XRECORD
  5
100000B4
102
{ACAD_REACTORS
330
100000B2
102
}
330
100000B2
100
AcDbXrecord
1000
JcS
  0
XRECORD
  5
100000B6
102
{ACAD_REACTORS
330
100000B2
102
}
330
100000B2
100
AcDbXrecord
1000
JWD
  0
XRECORD
  5
100000B9
102
{ACAD_REACTORS
330
100000B8
102
}
330
100000B8
100
AcDbXrecord
1000
Ja9
  0
XRECORD
  5
100000BA
102
{ACAD_REACTORS
330
100000B8
102
}
330
100000B8
100
AcDbXrecord
1000
JWD
  0
XRECORD
  5
100000BF
102
{ACAD_REACTORS
330
100000BC
102
}
330
100000BC
100
AcDbXrecord
 40
1.500000000000006
  0
XRECORD
  5
100000BD
102
{ACAD_REACTORS
330
100000BC
102
}
330
100000BC
100
AcDbXrecord
1000
JaF
  0
XRECORD
  5
100000BE
102
{ACAD_REACTORS
330
100000BC
102
}
330
100000BC
100
AcDbXrecord
1000
JcS
  0
XRECORD
  5
100000C0
102
{ACAD_REACTORS
330
100000BC
102
}
330
100000BC
100
AcDbXrecord
1000
JWD
  0
XRECORD
  5
100000C3
102
{ACAD_REACTORS
330
100000C2
102
}
330
100000C2
100
AcDbXrecord
1000
Ja5
  0
XRECORD
  5
100000C4
102
{ACAD_REACTORS
330
100000C2
102
}
330
100000C2
100
AcDbXrecord
1000
JWD
  0
XRECORD
  5
100000C9
102
{ACAD_REACTORS
330
100000C6
102
}
330
100000C6
100
AcDbXrecord
 40
1.0
  0
XRECORD
  5
100000C7
102
{ACAD_REACTORS
330
100000C6
102
}
330
100000C6
100
AcDbXrecord
1000
JaZ
  0
XRECORD
  5
100000C8
102
{ACAD_REACTORS
330
100000C6
102
}
330
100000C6
100
AcDbXrecord
1000
JcS
  0
XRECORD
  5
100000CA
102
{ACAD_REACTORS
330
100000C6
102
}
330
100000C6
100
AcDbXrecord
1000
JWD
  0
XRECORD
  5
100000CF
102
{ACAD_REACTORS
330
100000CC
102
}
330
100000CC
100
AcDbXrecord
 40
27.25
  0
XRECORD
  5
100000CD
102
{ACAD_REACTORS
330
100000CC
102
}
330
100000CC
100
AcDbXrecord
1000
KadV
  0
XRECORD
  5
100000CE
102
{ACAD_REACTORS
330
100000CC
102
}
330
100000CC
100
AcDbXrecord
1000
JcS
  0
XRECORD
  5
100000D0
102
{ACAD_REACTORS
330
100000CC
102
}
330
100000CC
100
AcDbXrecord
1000
JWD
  0
XRECORD
  5
100000D5
102
{ACAD_REACTORS
330
100000D2
102
}
330
100000D2
100
AcDbXrecord
 40
1.0
  0
XRECORD
  5
100000D3
102
{ACAD_REACTORS
330
100000D2
102
}
330
100000D2
100
AcDbXrecord
1000
KapB
  0
XRECORD
  5
100000D4
102
{ACAD_REACTORS
330
100000D2
102
}
330
100000D2
100
AcDbXrecord
1000
JcS
  0
XRECORD
  5
100000D6
102
{ACAD_REACTORS
330
100000D2
102
}
330
100000D2
100
AcDbXrecord
1000
JWD
  0
XRECORD
  5
100000D9
102
{ACAD_REACTORS
330
100000D8
102
}
330
100000D8
100
AcDbXrecord
1000
Ka9B
  0
XRECORD
  5
100000DA
102
{ACAD_REACTORS
330
100000D8
102
}
330
100000D8
100
AcDbXrecord
1000
JWD
  0
XRECORD
  5
100000DF
102
{ACAD_REACTORS
330
100000DC
102
}
330
100000DC
100
AcDbXrecord
 40
1.500000000000006
  0
XRECORD
  5
100000DD
102
{ACAD_REACTORS
330
100000DC
102
}
330
100000DC
100
AcDbXrecord
1000
KaFB
  0
XRECORD
  5
100000DE
102
{ACAD_REACTORS
330
100000DC
102
}
330
100000DC
100
AcDbXrecord
1000
JcS
  0
XRECORD
  5
100000E0
102
{ACAD_REACTORS
330
100000DC
102
}
330
100000DC
100
AcDbXrecord
1000
JWD
  0
XRECORD
  5
100000E3
102
{ACAD_REACTORS
330
100000E2
102
}
330
100000E2
100
AcDbXrecord
1000
Ka5B
  0
XRECORD
  5
100000E4
102
{ACAD_REACTORS
330
100000E2
102
}
330
100000E2
100
AcDbXrecord
1000
JWD
  0
XRECORD
  5
100000E9
102
{ACAD_REACTORS
330
100000E6
102
}
330
100000E6
100
AcDbXrecord
 40
1.0
  0
XRECORD
  5
100000E7
102
{ACAD_REACTORS
330
100000E6
102
}
330
100000E6
100
AcDbXrecord
1000
KaZB
  0
XRECORD
  5
100000E8
102
{ACAD_REACTORS
330
100000E6
102
}
330
100000E6
100
AcDbXrecord
1000
JcS
  0
XRECORD
  5
100000EA
102
{ACAD_REACTORS
330
100000E6
102
}
330
100000E6
100
AcDbXrecord
1000
JWD
  0
XRECORD
  5
100000EF
102
{ACAD_REACTORS
330
100000EC
102
}
330
100000EC
100
AcDbXrecord
 40
27.25
  0
XRECORD
  5
100000ED
102
{ACAD_REACTORS
330
100000EC
102
}
330
100000EC
100
AcDbXrecord
1000
KahV
  0
XRECORD
  5
100000EE
102
{ACAD_REACTORS
330
100000EC
102
}
330
100000EC
100
AcDbXrecord
1000
JcS
  0
XRECORD
  5
100000F0
102
{ACAD_REACTORS
330
100000EC
102
}
330
100000EC
100
AcDbXrecord
1000
JWD
  0
XRECORD
  5
100000F5
102
{ACAD_REACTORS
330
100000F2
102
}
330
100000F2
100
AcDbXrecord
 40
1.0
  0
XRECORD
  5
100000F3
102
{ACAD_REACTORS
330
100000F2
102
}
330
100000F2
100
AcDbXrecord
1000
KapC
  0
XRECORD
  5
100000F4
102
{ACAD_REACTORS
330
100000F2
102
}
330
100000F2
100
AcDbXrecord
1000
JcS
  0
XRECORD
  5
100000F6
102
{ACAD_REACTORS
330
100000F2
102
}
330
100000F2
100
AcDbXrecord
1000
JWD
  0
XRECORD
  5
100000F9
102
{ACAD_REACTORS
330
100000F8
102
}
330
100000F8
100
AcDbXrecord
1000
Ka9C
  0
XRECORD
  5
100000FA
102
{ACAD_REACTORS
330
100000F8
102
}
330
100000F8
100
AcDbXrecord
1000
JWD
  0
XRECORD
  5
100000FF
102
{ACAD_REACTORS
330
100000FC
102
}
330
100000FC
100
AcDbXrecord
 40
1.500000000000006
  0
XRECORD
  5
100000FD
102
{ACAD_REACTORS
330
100000FC
102
}
330
100000FC
100
AcDbXrecord
1000
KaFC
  0
XRECORD
  5
100000FE
102
{ACAD_REACTORS
330
100000FC
102
}
330
100000FC
100
AcDbXrecord
1000
JcS
  0
XRECORD
  5
10000100
102
{ACAD_REACTORS
330
100000FC
102
}
330
100000FC
100
AcDbXrecord
1000
JWD
  0
XRECORD
  5
10000103
102
{ACAD_REACTORS
330
10000102
102
}
330
10000102
100
AcDbXrecord
1000
Ka5C
  0
XRECORD
  5
10000104
102
{ACAD_REACTORS
330
10000102
102
}
330
10000102
100
AcDbXrecord
1000
JWD
  0
XRECORD
  5
10000109
102
{ACAD_REACTORS
330
10000106
102
}
330
10000106
100
AcDbXrecord
 40
1.0
  0
XRECORD
  5
10000107
102
{ACAD_REACTORS
330
10000106
102
}
330
10000106
100
AcDbXrecord
1000
KaZC
  0
XRECORD
  5
10000108
102
{ACAD_REACTORS
330
10000106
102
}
330
10000106
100
AcDbXrecord
1000
JcS
  0
XRECORD
  5
1000010A
102
{ACAD_REACTORS
330
10000106
102
}
330
10000106
100
AcDbXrecord
1000
JWD
  0
XRECORD
  5
1000010F
102
{ACAD_REACTORS
330
1000010C
102
}
330
1000010C
100
AcDbXrecord
 40
27.25
  0
XRECORD
  5
1000010D
102
{ACAD_REACTORS
330
1000010C
102
}
330
1000010C
100
AcDbXrecord
1000
KalV
  0
XRECORD
  5
1000010E
102
{ACAD_REACTORS
330
1000010C
102
}
330
1000010C
100
AcDbXrecord
1000
JcS
  0
XRECORD
  5
10000110
102
{ACAD_REACTORS
330
1000010C
102
}
330
1000010C
100
AcDbXrecord
1000
JWD
  0
XRECORD
  5
10000115
102
{ACAD_REACTORS
330
10000112
102
}
330
10000112
100
AcDbXrecord
 40
1.0
  0
XRECORD
  5
10000113
102
{ACAD_REACTORS
330
10000112
102
}
330
10000112
100
AcDbXrecord
1000
KapD
  0
XRECORD
  5
10000114
102
{ACAD_REACTORS
330
10000112
102
}
330
10000112
100
AcDbXrecord
1000
JcS
  0
XRECORD
  5
10000116
102
{ACAD_REACTORS
330
10000112
102
}
330
10000112
100
AcDbXrecord
1000
JWD
  0
XRECORD
  5
10000119
102
{ACAD_REACTORS
330
10000118
102
}
330
10000118
100
AcDbXrecord
1000
Ka9D
  0
XRECORD
  5
1000011A
102
{ACAD_REACTORS
330
10000118
102
}
330
10000118
100
AcDbXrecord
1000
JWD
  0
XRECORD
  5
1000011F
102
{ACAD_REACTORS
330
1000011C
102
}
330
1000011C
100
AcDbXrecord
 40
1.500000000000006
  0
XRECORD
  5
1000011D
102
{ACAD_REACTORS
330
1000011C
102
}
330
1000011C
100
AcDbXrecord
1000
KaFD
  0
XRECORD
  5
1000011E
102
{ACAD_REACTORS
330
1000011C
102
}
330
1000011C
100
AcDbXrecord
1000
JcS
  0
XRECORD
  5
10000120
102
{ACAD_REACTORS
330
1000011C
102
}
330
1000011C
100
AcDbXrecord
1000
JWD
  0
XRECORD
  5
10000123
102
{ACAD_REACTORS
330
10000122
102
}
330
10000122
100
AcDbXrecord
1000
Ka5D
  0
XRECORD
  5
10000124
102
{ACAD_REACTORS
330
10000122
102
}
330
10000122
100
AcDbXrecord
1000
JWD
  0
XRECORD
  5
10000129
102
{ACAD_REACTORS
330
10000126
102
}
330
10000126
100
AcDbXrecord
 40
1.0
  0
XRECORD
  5
10000127
102
{ACAD_REACTORS
330
10000126
102
}
330
10000126
100
AcDbXrecord
1000
KaZD
  0
XRECORD
  5
10000128
102
{ACAD_REACTORS
330
10000126
102
}
330
10000126
100
AcDbXrecord
1000
JcS
  0
XRECORD
  5
1000012A
102
{ACAD_REACTORS
330
10000126
102
}
330
10000126
100
AcDbXrecord
1000
JWD
  0
XRECORD
  5
1000012F
102
{ACAD_REACTORS
330
1000012C
102
}
330
1000012C
100
AcDbXrecord
 40
27.25
  0
XRECORD
  5
1000012D
102
{ACAD_REACTORS
330
1000012C
102
}
330
1000012C
100
AcDbXrecord
1000
KapV
  0
XRECORD
  5
1000012E
102
{ACAD_REACTORS
330
1000012C
102
}
330
1000012C
100
AcDbXrecord
1000
JcS
  0
XRECORD
  5
10000130
102
{ACAD_REACTORS
330
1000012C
102
}
330
1000012C
100
AcDbXrecord
1000
JWD
  0
XRECORD
  5
10000135
102
{ACAD_REACTORS
330
10000132
102
}
330
10000132
100
AcDbXrecord
 40
1.0
  0
XRECORD
  5
10000133
102
{ACAD_REACTORS
330
10000132
102
}
330
10000132
100
AcDbXrecord
1000
KapE
  0
XRECORD
  5
10000134
102
{ACAD_REACTORS
330
10000132
102
}
330
10000132
100
AcDbXrecord
1000
JcS
  0
XRECORD
  5
10000136
102
{ACAD_REACTORS
330
10000132
102
}
330
10000132
100
AcDbXrecord
1000
JWD
  0
XRECORD
  5
10000139
102
{ACAD_REACTORS
330
10000138
102
}
330
10000138
100
AcDbXrecord
1000
Ka9E
  0
XRECORD
  5
1000013A
102
{ACAD_REACTORS
330
10000138
102
}
330
10000138
100
AcDbXrecord
1000
JWD
  0
XRECORD
  5
1000013F
102
{ACAD_REACTORS
330
1000013C
102
}
330
1000013C
100
AcDbXrecord
 40
1.500000000000006
  0
XRECORD
  5
1000013D
102
{ACAD_REACTORS
330
1000013C
102
}
330
1000013C
100
AcDbXrecord
1000
KaFE
  0
XRECORD
  5
1000013E
102
{ACAD_REACTORS
330
1000013C
102
}
330
1000013C
100
AcDbXrecord
1000
JcS
  0
XRECORD
  5
10000140
102
{ACAD_REACTORS
330
1000013C
102
}
330
1000013C
100
AcDbXrecord
1000
JWD
  0
XRECORD
  5
10000143
102
{ACAD_REACTORS
330
10000142
102
}
330
10000142
100
AcDbXrecord
1000
Ka5E
  0
XRECORD
  5
10000144
102
{ACAD_REACTORS
330
10000142
102
}
330
10000142
100
AcDbXrecord
1000
JWD
  0
XRECORD
  5
10000149
102
{ACAD_REACTORS
330
10000146
102
}
330
10000146
100
AcDbXrecord
 40
1.0
  0
XRECORD
  5
10000147
102
{ACAD_REACTORS
330
10000146
102
}
330
10000146
100
AcDbXrecord
1000
KaZE
  0
XRECORD
  5
10000148
102
{ACAD_REACTORS
330
10000146
102
}
330
10000146
100
AcDbXrecord
1000
JcS
  0
XRECORD
  5
1000014A
102
{ACAD_REACTORS
330
10000146
102
}
330
10000146
100
AcDbXrecord
1000
JWD
  0
XRECORD
  5
1000014F
102
{ACAD_REACTORS
330
1000014C
102
}
330
1000014C
100
AcDbXrecord
 40
27.25
  0
XRECORD
  5
1000014D
102
{ACAD_REACTORS
330
1000014C
102
}
330
1000014C
100
AcDbXrecord
1000
KatV
  0
XRECORD
  5
1000014E
102
{ACAD_REACTORS
330
1000014C
102
}
330
1000014C
100
AcDbXrecord
1000
JcS
  0
XRECORD
  5
10000150
102
{ACAD_REACTORS
330
1000014C
102
}
330
1000014C
100
AcDbXrecord
1000
JWD
  0
XRECORD
  5
10000155
102
{ACAD_REACTORS
330
10000152
102
}
330
10000152
100
AcDbXrecord
 40
1.0
  0
XRECORD
  5
10000153
102
{ACAD_REACTORS
330
10000152
102
}
330
10000152
100
AcDbXrecord
1000
KapF
  0
XRECORD
  5
10000154
102
{ACAD_REACTORS
330
10000152
102
}
330
10000152
100
AcDbXrecord
1000
JcS
  0
XRECORD
  5
10000156
102
{ACAD_REACTORS
330
10000152
102
}
330
10000152
100
AcDbXrecord
1000
JWD
  0
XRECORD
  5
10000159
102
{ACAD_REACTORS
330
10000158
102
}
330
10000158
100
AcDbXrecord
1000
Ka9F
  0
XRECORD
  5
1000015A
102
{ACAD_REACTORS
330
10000158
102
}
330
10000158
100
AcDbXrecord
1000
JWD
  0
XRECORD
  5
1000015F
102
{ACAD_REACTORS
330
1000015C
102
}
330
1000015C
100
AcDbXrecord
 40
1.500000000000006
  0
XRECORD
  5
1000015D
102
{ACAD_REACTORS
330
1000015C
102
}
330
1000015C
100
AcDbXrecord
1000
KaFF
  0
XRECORD
  5
1000015E
102
{ACAD_REACTORS
330
1000015C
102
}
330
1000015C
100
AcDbXrecord
1000
JcS
  0
XRECORD
  5
10000160
102
{ACAD_REACTORS
330
1000015C
102
}
330
1000015C
100
AcDbXrecord
1000
JWD
  0
XRECORD
  5
10000163
102
{ACAD_REACTORS
330
10000162
102
}
330
10000162
100
AcDbXrecord
1000
Ka5F
  0
XRECORD
  5
10000164
102
{ACAD_REACTORS
330
10000162
102
}
330
10000162
100
AcDbXrecord
1000
JWD
  0
XRECORD
  5
10000169
102
{ACAD_REACTORS
330
10000166
102
}
330
10000166
100
AcDbXrecord
 40
1.0
  0
XRECORD
  5
10000167
102
{ACAD_REACTORS
330
10000166
102
}
330
10000166
100
AcDbXrecord
1000
KaZF
  0
XRECORD
  5
10000168
102
{ACAD_REACTORS
330
10000166
102
}
330
10000166
100
AcDbXrecord
1000
JcS
  0
XRECORD
  5
1000016A
102
{ACAD_REACTORS
330
10000166
102
}
330
10000166
100
AcDbXrecord
1000
JWD
  0
XRECORD
  5
1000016F
102
{ACAD_REACTORS
330
1000016C
102
}
330
1000016C
100
AcDbXrecord
 40
27.25
  0
XRECORD
  5
1000016D
102
{ACAD_REACTORS
330
1000016C
102
}
330
1000016C
100
AcDbXrecord
1000
KaxV
  0
XRECORD
  5
1000016E
102
{ACAD_REACTORS
330
1000016C
102
}
330
1000016C
100
AcDbXrecord
1000
JcS
  0
XRECORD
  5
10000170
102
{ACAD_REACTORS
330
1000016C
102
}
330
1000016C
100
AcDbXrecord
1000
JWD
  0
XRECORD
  5
10000175
102
{ACAD_REACTORS
330
10000172
102
}
330
10000172
100
AcDbXrecord
 40
1.0
  0
XRECORD
  5
10000173
102
{ACAD_REACTORS
330
10000172
102
}
330
10000172
100
AcDbXrecord
1000
KapG
  0
XRECORD
  5
10000174
102
{ACAD_REACTORS
330
10000172
102
}
330
10000172
100
AcDbXrecord
1000
JcS
  0
XRECORD
  5
10000176
102
{ACAD_REACTORS
330
10000172
102
}
330
10000172
100
AcDbXrecord
1000
JWD
  0
XRECORD
  5
10000179
102
{ACAD_REACTORS
330
10000178
102
}
330
10000178
100
AcDbXrecord
1000
Ka9G
  0
XRECORD
  5
1000017A
102
{ACAD_REACTORS
330
10000178
102
}
330
10000178
100
AcDbXrecord
1000
JWD
  0
XRECORD
  5
1000017F
102
{ACAD_REACTORS
330
1000017C
102
}
330
1000017C
100
AcDbXrecord
 40
1.500000000000006
  0
XRECORD
  5
1000017D
102
{ACAD_REACTORS
330
1000017C
102
}
330
1000017C
100
AcDbXrecord
1000
KaFG
  0
XRECORD
  5
1000017E
102
{ACAD_REACTORS
330
1000017C
102
}
330
1000017C
100
AcDbXrecord
1000
JcS
  0
XRECORD
  5
10000180
102
{ACAD_REACTORS
330
1000017C
102
}
330
1000017C
100
AcDbXrecord
1000
JWD
  0
XRECORD
  5
10000183
102
{ACAD_REACTORS
330
10000182
102
}
330
10000182
100
AcDbXrecord
1000
Ka5G
  0
XRECORD
  5
10000184
102
{ACAD_REACTORS
330
10000182
102
}
330
10000182
100
AcDbXrecord
1000
JWD
  0
XRECORD
  5
10000189
102
{ACAD_REACTORS
330
10000186
102
}
330
10000186
100
AcDbXrecord
 40
1.0
  0
XRECORD
  5
10000187
102
{ACAD_REACTORS
330
10000186
102
}
330
10000186
100
AcDbXrecord
1000
KaZG
  0
XRECORD
  5
10000188
102
{ACAD_REACTORS
330
10000186
102
}
330
10000186
100
AcDbXrecord
1000
JcS
  0
XRECORD
  5
1000018A
102
{ACAD_REACTORS
330
10000186
102
}
330
10000186
100
AcDbXrecord
1000
JWD
  0
XRECORD
  5
1000018F
102
{ACAD_REACTORS
330
1000018C
102
}
330
1000018C
100
AcDbXrecord
 40
27.25
  0
XRECORD
  5
1000018D
102
{ACAD_REACTORS
330
1000018C
102
}
330
1000018C
100
AcDbXrecord
1000
Ka1V
  0
XRECORD
  5
1000018E
102
{ACAD_REACTORS
330
1000018C
102
}
330
1000018C
100
AcDbXrecord
1000
JcS
  0
XRECORD
  5
10000190
102
{ACAD_REACTORS
330
1000018C
102
}
330
1000018C
100
AcDbXrecord
1000
JWD
  0
XRECORD
  5
10000195
102
{ACAD_REACTORS
330
10000192
102
}
330
10000192
100
AcDbXrecord
 40
1.0
  0
XRECORD
  5
10000193
102
{ACAD_REACTORS
330
10000192
102
}
330
10000192
100
AcDbXrecord
1000
KapH
  0
XRECORD
  5
10000194
102
{ACAD_REACTORS
330
10000192
102
}
330
10000192
100
AcDbXrecord
1000
JcS
  0
XRECORD
  5
10000196
102
{ACAD_REACTORS
330
10000192
102
}
330
10000192
100
AcDbXrecord
1000
JWD
  0
XRECORD
  5
10000199
102
{ACAD_REACTORS
330
10000198
102
}
330
10000198
100
AcDbXrecord
1000
Ka9H
  0
XRECORD
  5
1000019A
102
{ACAD_REACTORS
330
10000198
102
}
330
10000198
100
AcDbXrecord
1000
JWD
  0
XRECORD
  5
1000019F
102
{ACAD_REACTORS
330
1000019C
102
}
330
1000019C
100
AcDbXrecord
 40
1.500000000000006
  0
XRECORD
  5
1000019D
102
{ACAD_REACTORS
330
1000019C
102
}
330
1000019C
100
AcDbXrecord
1000
KaFH
  0
XRECORD
  5
1000019E
102
{ACAD_REACTORS
330
1000019C
102
}
330
1000019C
100
AcDbXrecord
1000
JcS
  0
XRECORD
  5
100001A0
102
{ACAD_REACTORS
330
1000019C
102
}
330
1000019C
100
AcDbXrecord
1000
JWD
  0
XRECORD
  5
100001A3
102
{ACAD_REACTORS
330
100001A2
102
}
330
100001A2
100
AcDbXrecord
1000
Ka5H
  0
XRECORD
  5
100001A4
102
{ACAD_REACTORS
330
100001A2
102
}
330
100001A2
100
AcDbXrecord
1000
JWD
  0
XRECORD
  5
100001A9
102
{ACAD_REACTORS
330
100001A6
102
}
330
100001A6
100
AcDbXrecord
 40
1.0
  0
XRECORD
  5
100001A7
102
{ACAD_REACTORS
330
100001A6
102
}
330
100001A6
100
AcDbXrecord
1000
KaZH
  0
XRECORD
  5
100001A8
102
{ACAD_REACTORS
330
100001A6
102
}
330
100001A6
100
AcDbXrecord
1000
JcS
  0
XRECORD
  5
100001AA
102
{ACAD_REACTORS
330
100001A6
102
}
330
100001A6
100
AcDbXrecord
1000
JWD
  0
XRECORD
  5
100001AF
102
{ACAD_REACTORS
330
100001AC
102
}
330
100001AC
100
AcDbXrecord
 40
27.25
  0
XRECORD
  5
100001AD
102
{ACAD_REACTORS
330
100001AC
102
}
330
100001AC
100
AcDbXrecord
1000
Ka5V
  0
XRECORD
  5
100001AE
102
{ACAD_REACTORS
330
100001AC
102
}
330
100001AC
100
AcDbXrecord
1000
JcS
  0
XRECORD
  5
100001B0
102
{ACAD_REACTORS
330
100001AC
102
}
330
100001AC
100
AcDbXrecord
1000
JWD
  0
XRECORD
  5
100001B5
102
{ACAD_REACTORS
330
100001B2
102
}
330
100001B2
100
AcDbXrecord
 40
1.0
  0
XRECORD
  5
100001B3
102
{ACAD_REACTORS
330
100001B2
102
}
330
100001B2
100
AcDbXrecord
1000
KapI
  0
XRECORD
  5
100001B4
102
{ACAD_REACTORS
330
100001B2
102
}
330
100001B2
100
AcDbXrecord
1000
JcS
  0
XRECORD
  5
100001B6
102
{ACAD_REACTORS
330
100001B2
102
}
330
100001B2
100
AcDbXrecord
1000
JWD
  0
XRECORD
  5
100001B9
102
{ACAD_REACTORS
330
100001B8
102
}
330
100001B8
100
AcDbXrecord
1000
Ka9I
  0
XRECORD
  5
100001BA
102
{ACAD_REACTORS
330
100001B8
102
}
330
100001B8
100
AcDbXrecord
1000
JWD
  0
XRECORD
  5
100001BF
102
{ACAD_REACTORS
330
100001BC
102
}
330
100001BC
100
AcDbXrecord
 40
1.500000000000006
  0
XRECORD
  5
100001BD
102
{ACAD_REACTORS
330
100001BC
102
}
330
100001BC
100
AcDbXrecord
1000
KaFI
  0
XRECORD
  5
100001BE
102
{ACAD_REACTORS
330
100001BC
102
}
330
100001BC
100
AcDbXrecord
1000
JcS
  0
XRECORD
  5
100001C0
102
{ACAD_REACTORS
330
100001BC
102
}
330
100001BC
100
AcDbXrecord
1000
JWD
  0
XRECORD
  5
100001C3
102
{ACAD_REACTORS
330
100001C2
102
}
330
100001C2
100
AcDbXrecord
1000
Ka5I
  0
XRECORD
  5
100001C4
102
{ACAD_REACTORS
330
100001C2
102
}
330
100001C2
100
AcDbXrecord
1000
JWD
  0
XRECORD
  5
100001C9
102
{ACAD_REACTORS
330
100001C6
102
}
330
100001C6
100
AcDbXrecord
 40
1.0
  0
XRECORD
  5
100001C7
102
{ACAD_REACTORS
330
100001C6
102
}
330
100001C6
100
AcDbXrecord
1000
KaZI
  0
XRECORD
  5
100001C8
102
{ACAD_REACTORS
330
100001C6
102
}
330
100001C6
100
AcDbXrecord
1000
JcS
  0
XRECORD
  5
100001CA
102
{ACAD_REACTORS
330
100001C6
102
}
330
100001C6
100
AcDbXrecord
1000
JWD
  0
XRECORD
  5
100001CF
102
{ACAD_REACTORS
330
100001CC
102
}
330
100001CC
100
AcDbXrecord
 40
27.25
  0
XRECORD
  5
100001CD
102
{ACAD_REACTORS
330
100001CC
102
}
330
100001CC
100
AcDbXrecord
1000
Ka9V
  0
XRECORD
  5
100001CE
102
{ACAD_REACTORS
330
100001CC
102
}
330
100001CC
100
AcDbXrecord
1000
JcS
  0
XRECORD
  5
100001D0
102
{ACAD_REACTORS
330
100001CC
102
}
330
100001CC
100
AcDbXrecord
1000
JWD
  0
XRECORD
  5
100001D5
102
{ACAD_REACTORS
330
100001D2
102
}
330
100001D2
100
AcDbXrecord
 40
1.0
  0
XRECORD
  5
100001D3
102
{ACAD_REACTORS
330
100001D2
102
}
330
100001D2
100
AcDbXrecord
1000
KapJ
  0
XRECORD
  5
100001D4
102
{ACAD_REACTORS
330
100001D2
102
}
330
100001D2
100
AcDbXrecord
1000
JcS
  0
XRECORD
  5
100001D6
102
{ACAD_REACTORS
330
100001D2
102
}
330
100001D2
100
AcDbXrecord
1000
JWD
  0
XRECORD
  5
100001D9
102
{ACAD_REACTORS
330
100001D8
102
}
330
100001D8
100
AcDbXrecord
1000
Ka9J
  0
XRECORD
  5
100001DA
102
{ACAD_REACTORS
330
100001D8
102
}
330
100001D8
100
AcDbXrecord
1000
JWD
  0
XRECORD
  5
100001DF
102
{ACAD_REACTORS
330
100001DC
102
}
330
100001DC
100
AcDbXrecord
 40
1.500000000000006
  0
XRECORD
  5
100001DD
102
{ACAD_REACTORS
330
100001DC
102
}
330
100001DC
100
AcDbXrecord
1000
KaFJ
  0
XRECORD
  5
100001DE
102
{ACAD_REACTORS
330
100001DC
102
}
330
100001DC
100
AcDbXrecord
1000
JcS
  0
XRECORD
  5
100001E0
102
{ACAD_REACTORS
330
100001DC
102
}
330
100001DC
100
AcDbXrecord
1000
JWD
  0
XRECORD
  5
100001E3
102
{ACAD_REACTORS
330
100001E2
102
}
330
100001E2
100
AcDbXrecord
1000
Ka5J
  0
XRECORD
  5
100001E4
102
{ACAD_REACTORS
330
100001E2
102
}
330
100001E2
100
AcDbXrecord
1000
JWD
  0
XRECORD
  5
100001E9
102
{ACAD_REACTORS
330
100001E6
102
}
330
100001E6
100
AcDbXrecord
 40
1.0
  0
XRECORD
  5
100001E7
102
{ACAD_REACTORS
330
100001E6
102
}
330
100001E6
100
AcDbXrecord
1000
KaZJ
  0
XRECORD
  5
100001E8
102
{ACAD_REACTORS
330
100001E6
102
}
330
100001E6
100
AcDbXrecord
1000
JcS
  0
XRECORD
  5
100001EA
102
{ACAD_REACTORS
330
100001E6
102
}
330
100001E6
100
AcDbXrecord
1000
JWD
  0
XRECORD
  5
100001EF
102
{ACAD_REACTORS
330
100001EC
102
}
330
100001EC
100
AcDbXrecord
 40
27.25
  0
XRECORD
  5
100001ED
102
{ACAD_REACTORS
330
100001EC
102
}
330
100001EC
100
AcDbXrecord
1000
KaBW
  0
XRECORD
  5
100001EE
102
{ACAD_REACTORS
330
100001EC
102
}
330
100001EC
100
AcDbXrecord
1000
JcS
  0
XRECORD
  5
100001F0
102
{ACAD_REACTORS
330
100001EC
102
}
330
100001EC
100
AcDbXrecord
1000
JWD
  0
XRECORD
  5
100001F5
102
{ACAD_REACTORS
330
100001F2
102
}
330
100001F2
100
AcDbXrecord
 40
1.0
  0
XRECORD
  5
100001F3
102
{ACAD_REACTORS
330
100001F2
102
}
330
100001F2
100
AcDbXrecord
1000
KapK
  0
XRECORD
  5
100001F4
102
{ACAD_REACTORS
330
100001F2
102
}
330
100001F2
100
AcDbXrecord
1000
JcS
  0
XRECORD
  5
100001F6
102
{ACAD_REACTORS
330
100001F2
102
}
330
100001F2
100
AcDbXrecord
1000
JWD
  0
XRECORD
  5
100001F9
102
{ACAD_REACTORS
330
100001F8
102
}
330
100001F8
100
AcDbXrecord
1000
Ka9K
  0
XRECORD
  5
100001FA
102
{ACAD_REACTORS
330
100001F8
102
}
330
100001F8
100
AcDbXrecord
1000
JWD
  0
XRECORD
  5
100001FF
102
{ACAD_REACTORS
330
100001FC
102
}
330
100001FC
100
AcDbXrecord
 40
1.500000000000006
  0
XRECORD
  5
100001FD
102
{ACAD_REACTORS
330
100001FC
102
}
330
100001FC
100
AcDbXrecord
1000
KaFK
  0
XRECORD
  5
100001FE
102
{ACAD_REACTORS
330
100001FC
102
}
330
100001FC
100
AcDbXrecord
1000
JcS
  0
XRECORD
  5
10000200
102
{ACAD_REACTORS
330
100001FC
102
}
330
100001FC
100
AcDbXrecord
1000
JWD
  0
XRECORD
  5
10000203
102
{ACAD_REACTORS
330
10000202
102
}
330
10000202
100
AcDbXrecord
1000
Ka5K
  0
XRECORD
  5
10000204
102
{ACAD_REACTORS
330
10000202
102
}
330
10000202
100
AcDbXrecord
1000
JWD
  0
XRECORD
  5
10000209
102
{ACAD_REACTORS
330
10000206
102
}
330
10000206
100
AcDbXrecord
 40
1.0
  0
XRECORD
  5
10000207
102
{ACAD_REACTORS
330
10000206
102
}
330
10000206
100
AcDbXrecord
1000
KaZK
  0
XRECORD
  5
10000208
102
{ACAD_REACTORS
330
10000206
102
}
330
10000206
100
AcDbXrecord
1000
JcS
  0
XRECORD
  5
1000020A
102
{ACAD_REACTORS
330
10000206
102
}
330
10000206
100
AcDbXrecord
1000
JWD
  0
XRECORD
  5
1000020F
102
{ACAD_REACTORS
330
1000020C
102
}
330
1000020C
100
AcDbXrecord
 40
27.25
  0
XRECORD
  5
1000020D
102
{ACAD_REACTORS
330
1000020C
102
}
330
1000020C
100
AcDbXrecord
1000
KaFW
  0
XRECORD
  5
1000020E
102
{ACAD_REACTORS
330
1000020C
102
}
330
1000020C
100
AcDbXrecord
1000
JcS
  0
XRECORD
  5
10000210
102
{ACAD_REACTORS
330
1000020C
102
}
330
1000020C
100
AcDbXrecord
1000
JWD
  0
XRECORD
  5
10000215
102
{ACAD_REACTORS
330
10000212
102
}
330
10000212
100
AcDbXrecord
 40
1.0
  0
XRECORD
  5
10000213
102
{ACAD_REACTORS
330
10000212
102
}
330
10000212
100
AcDbXrecord
1000
KapL
  0
XRECORD
  5
10000214
102
{ACAD_REACTORS
330
10000212
102
}
330
10000212
100
AcDbXrecord
1000
JcS
  0
XRECORD
  5
10000216
102
{ACAD_REACTORS
330
10000212
102
}
330
10000212
100
AcDbXrecord
1000
JWD
  0
XRECORD
  5
10000219
102
{ACAD_REACTORS
330
10000218
102
}
330
10000218
100
AcDbXrecord
1000
Ka9L
  0
XRECORD
  5
1000021A
102
{ACAD_REACTORS
330
10000218
102
}
330
10000218
100
AcDbXrecord
1000
JWD
  0
XRECORD
  5
1000021F
102
{ACAD_REACTORS
330
1000021C
102
}
330
1000021C
100
AcDbXrecord
 40
1.500000000000006
  0
XRECORD
  5
1000021D
102
{ACAD_REACTORS
330
1000021C
102
}
330
1000021C
100
AcDbXrecord
1000
KaFL
  0
XRECORD
  5
1000021E
102
{ACAD_REACTORS
330
1000021C
102
}
330
1000021C
100
AcDbXrecord
1000
JcS
  0
XRECORD
  5
10000220
102
{ACAD_REACTORS
330
1000021C
102
}
330
1000021C
100
AcDbXrecord
1000
JWD
  0
XRECORD
  5
10000223
102
{ACAD_REACTORS
330
10000222
102
}
330
10000222
100
AcDbXrecord
1000
Ka5L
  0
XRECORD
  5
10000224
102
{ACAD_REACTORS
330
10000222
102
}
330
10000222
100
AcDbXrecord
1000
JWD
  0
XRECORD
  5
10000229
102
{ACAD_REACTORS
330
10000226
102
}
330
10000226
100
AcDbXrecord
 40
1.0
  0
XRECORD
  5
10000227
102
{ACAD_REACTORS
330
10000226
102
}
330
10000226
100
AcDbXrecord
1000
KaZL
  0
XRECORD
  5
10000228
102
{ACAD_REACTORS
330
10000226
102
}
330
10000226
100
AcDbXrecord
1000
JcS
  0
XRECORD
  5
1000022A
102
{ACAD_REACTORS
330
10000226
102
}
330
10000226
100
AcDbXrecord
1000
JWD
  0
XRECORD
  5
1000022F
102
{ACAD_REACTORS
330
1000022C
102
}
330
1000022C
100
AcDbXrecord
 40
27.25
  0
XRECORD
  5
1000022D
102
{ACAD_REACTORS
330
1000022C
102
}
330
1000022C
100
AcDbXrecord
1000
KaJW
  0
XRECORD
  5
1000022E
102
{ACAD_REACTORS
330
1000022C
102
}
330
1000022C
100
AcDbXrecord
1000
JcS
  0
XRECORD
  5
10000230
102
{ACAD_REACTORS
330
1000022C
102
}
330
1000022C
100
AcDbXrecord
1000
JWD
  0
XRECORD
  5
10000235
102
{ACAD_REACTORS
330
10000232
102
}
330
10000232
100
AcDbXrecord
 40
1.0
  0
XRECORD
  5
10000233
102
{ACAD_REACTORS
330
10000232
102
}
330
10000232
100
AcDbXrecord
1000
KapM
  0
XRECORD
  5
10000234
102
{ACAD_REACTORS
330
10000232
102
}
330
10000232
100
AcDbXrecord
1000
JcS
  0
XRECORD
  5
10000236
102
{ACAD_REACTORS
330
10000232
102
}
330
10000232
100
AcDbXrecord
1000
JWD
  0
XRECORD
  5
10000239
102
{ACAD_REACTORS
330
10000238
102
}
330
10000238
100
AcDbXrecord
1000
Ka9M
  0
XRECORD
  5
1000023A
102
{ACAD_REACTORS
330
10000238
102
}
330
10000238
100
AcDbXrecord
1000
JWD
  0
XRECORD
  5
1000023F
102
{ACAD_REACTORS
330
1000023C
102
}
330
1000023C
100
AcDbXrecord
 40
1.500000000000006
  0
XRECORD
  5
1000023D
102
{ACAD_REACTORS
330
1000023C
102
}
330
1000023C
100
AcDbXrecord
1000
KaFM
  0
XRECORD
  5
1000023E
102
{ACAD_REACTORS
330
1000023C
102
}
330
1000023C
100
AcDbXrecord
1000
JcS
  0
XRECORD
  5
10000240
102
{ACAD_REACTORS
330
1000023C
102
}
330
1000023C
100
AcDbXrecord
1000
JWD
  0
XRECORD
  5
10000243
102
{ACAD_REACTORS
330
10000242
102
}
330
10000242
100
AcDbXrecord
1000
Ka5M
  0
XRECORD
  5
10000244
102
{ACAD_REACTORS
330
10000242
102
}
330
10000242
100
AcDbXrecord
1000
JWD
  0
XRECORD
  5
10000249
102
{ACAD_REACTORS
330
10000246
102
}
330
10000246
100
AcDbXrecord
 40
1.0
  0
XRECORD
  5
10000247
102
{ACAD_REACTORS
330
10000246
102
}
330
10000246
100
AcDbXrecord
1000
KaZM
  0
XRECORD
  5
10000248
102
{ACAD_REACTORS
330
10000246
102
}
330
10000246
100
AcDbXrecord
1000
JcS
  0
XRECORD
  5
1000024A
102
{ACAD_REACTORS
330
10000246
102
}
330
10000246
100
AcDbXrecord
1000
JWD
  0
XRECORD
  5
1000024F
102
{ACAD_REACTORS
330
1000024C
102
}
330
1000024C
100
AcDbXrecord
 40
27.25
  0
XRECORD
  5
1000024D
102
{ACAD_REACTORS
330
1000024C
102
}
330
1000024C
100
AcDbXrecord
1000
KaNW
  0
XRECORD
  5
1000024E
102
{ACAD_REACTORS
330
1000024C
102
}
330
1000024C
100
AcDbXrecord
1000
JcS
  0
XRECORD
  5
10000250
102
{ACAD_REACTORS
330
1000024C
102
}
330
1000024C
100
AcDbXrecord
1000
JWD
  0
XRECORD
  5
10000255
102
{ACAD_REACTORS
330
10000252
102
}
330
10000252
100
AcDbXrecord
 40
1.0
  0
XRECORD
  5
10000253
102
{ACAD_REACTORS
330
10000252
102
}
330
10000252
100
AcDbXrecord
1000
KapN
  0
XRECORD
  5
10000254
102
{ACAD_REACTORS
330
10000252
102
}
330
10000252
100
AcDbXrecord
1000
JcS
  0
XRECORD
  5
10000256
102
{ACAD_REACTORS
330
10000252
102
}
330
10000252
100
AcDbXrecord
1000
JWD
  0
XRECORD
  5
10000259
102
{ACAD_REACTORS
330
10000258
102
}
330
10000258
100
AcDbXrecord
1000
Ka9N
  0
XRECORD
  5
1000025A
102
{ACAD_REACTORS
330
10000258
102
}
330
10000258
100
AcDbXrecord
1000
JWD
  0
XRECORD
  5
1000025F
102
{ACAD_REACTORS
330
1000025C
102
}
330
1000025C
100
AcDbXrecord
 40
1.500000000000006
  0
XRECORD
  5
1000025D
102
{ACAD_REACTORS
330
1000025C
102
}
330
1000025C
100
AcDbXrecord
1000
KaFN
  0
XRECORD
  5
1000025E
102
{ACAD_REACTORS
330
1000025C
102
}
330
1000025C
100
AcDbXrecord
1000
JcS
  0
XRECORD
  5
10000260
102
{ACAD_REACTORS
330
1000025C
102
}
330
1000025C
100
AcDbXrecord
1000
JWD
  0
XRECORD
  5
10000263
102
{ACAD_REACTORS
330
10000262
102
}
330
10000262
100
AcDbXrecord
1000
Ka5N
  0
XRECORD
  5
10000264
102
{ACAD_REACTORS
330
10000262
102
}
330
10000262
100
AcDbXrecord
1000
JWD
  0
XRECORD
  5
10000269
102
{ACAD_REACTORS
330
10000266
102
}
330
10000266
100
AcDbXrecord
 40
1.0
  0
XRECORD
  5
10000267
102
{ACAD_REACTORS
330
10000266
102
}
330
10000266
100
AcDbXrecord
1000
KaZN
  0
XRECORD
  5
10000268
102
{ACAD_REACTORS
330
10000266
102
}
330
10000266
100
AcDbXrecord
1000
JcS
  0
XRECORD
  5
1000026A
102
{ACAD_REACTORS
330
10000266
102
}
330
10000266
100
AcDbXrecord
1000
JWD
  0
XRECORD
  5
1000026F
102
{ACAD_REACTORS
330
1000026C
102
}
330
1000026C
100
AcDbXrecord
 40
27.25
  0
XRECORD
  5
1000026D
102
{ACAD_REACTORS
330
1000026C
102
}
330
1000026C
100
AcDbXrecord
1000
KaRW
  0
XRECORD
  5
1000026E
102
{ACAD_REACTORS
330
1000026C
102
}
330
1000026C
100
AcDbXrecord
1000
JcS
  0
XRECORD
  5
10000270
102
{ACAD_REACTORS
330
1000026C
102
}
330
1000026C
100
AcDbXrecord
1000
JWD
  0
XRECORD
  5
10000275
102
{ACAD_REACTORS
330
10000272
102
}
330
10000272
100
AcDbXrecord
 40
1.0
  0
XRECORD
  5
10000273
102
{ACAD_REACTORS
330
10000272
102
}
330
10000272
100
AcDbXrecord
1000
KapO
  0
XRECORD
  5
10000274
102
{ACAD_REACTORS
330
10000272
102
}
330
10000272
100
AcDbXrecord
1000
JcS
  0
XRECORD
  5
10000276
102
{ACAD_REACTORS
330
10000272
102
}
330
10000272
100
AcDbXrecord
1000
JWD
  0
XRECORD
  5
10000279
102
{ACAD_REACTORS
330
10000278
102
}
330
10000278
100
AcDbXrecord
1000
Ka9O
  0
XRECORD
  5
1000027A
102
{ACAD_REACTORS
330
10000278
102
}
330
10000278
100
AcDbXrecord
1000
JWD
  0
XRECORD
  5
1000027F
102
{ACAD_REACTORS
330
1000027C
102
}
330
1000027C
100
AcDbXrecord
 40
1.500000000000006
  0
XRECORD
  5
1000027D
102
{ACAD_REACTORS
330
1000027C
102
}
330
1000027C
100
AcDbXrecord
1000
KaFO
  0
XRECORD
  5
1000027E
102
{ACAD_REACTORS
330
1000027C
102
}
330
1000027C
100
AcDbXrecord
1000
JcS
  0
XRECORD
  5
10000280
102
{ACAD_REACTORS
330
1000027C
102
}
330
1000027C
100
AcDbXrecord
1000
JWD
  0
XRECORD
  5
10000283
102
{ACAD_REACTORS
330
10000282
102
}
330
10000282
100
AcDbXrecord
1000
Ka5O
  0
XRECORD
  5
10000284
102
{ACAD_REACTORS
330
10000282
102
}
330
10000282
100
AcDbXrecord
1000
JWD
  0
XRECORD
  5
10000289
102
{ACAD_REACTORS
330
10000286
102
}
330
10000286
100
AcDbXrecord
 40
1.0
  0
XRECORD
  5
10000287
102
{ACAD_REACTORS
330
10000286
102
}
330
10000286
100
AcDbXrecord
1000
KaZO
  0
XRECORD
  5
10000288
102
{ACAD_REACTORS
330
10000286
102
}
330
10000286
100
AcDbXrecord
1000
JcS
  0
XRECORD
  5
1000028A
102
{ACAD_REACTORS
330
10000286
102
}
330
10000286
100
AcDbXrecord
1000
JWD
  0
XRECORD
  5
1000028F
102
{ACAD_REACTORS
330
1000028C
102
}
330
1000028C
100
AcDbXrecord
 40
27.25
  0
XRECORD
  5
1000028D
102
{ACAD_REACTORS
330
1000028C
102
}
330
1000028C
100
AcDbXrecord
1000
KaVW
  0
XRECORD
  5
1000028E
102
{ACAD_REACTORS
330
1000028C
102
}
330
1000028C
100
AcDbXrecord
1000
JcS
  0
XRECORD
  5
10000290
102
{ACAD_REACTORS
330
1000028C
102
}
330
1000028C
100
AcDbXrecord
1000
JWD
  0
XRECORD
  5
10000295
102
{ACAD_REACTORS
330
10000292
102
}
330
10000292
100
AcDbXrecord
 40
1.0
  0
XRECORD
  5
10000293
102
{ACAD_REACTORS
330
10000292
102
}
330
10000292
100
AcDbXrecord
1000
KapP
  0
XRECORD
  5
10000294
102
{ACAD_REACTORS
330
10000292
102
}
330
10000292
100
AcDbXrecord
1000
JcS
  0
XRECORD
  5
10000296
102
{ACAD_REACTORS
330
10000292
102
}
330
10000292
100
AcDbXrecord
1000
JWD
  0
XRECORD
  5
10000299
102
{ACAD_REACTORS
330
10000298
102
}
330
10000298
100
AcDbXrecord
1000
Ka9P
  0
XRECORD
  5
1000029A
102
{ACAD_REACTORS
330
10000298
102
}
330
10000298
100
AcDbXrecord
1000
JWD
  0
XRECORD
  5
1000029F
102
{ACAD_REACTORS
330
1000029C
102
}
330
1000029C
100
AcDbXrecord
 40
1.500000000000006
  0
XRECORD
  5
1000029D
102
{ACAD_REACTORS
330
1000029C
102
}
330
1000029C
100
AcDbXrecord
1000
KaFP
  0
XRECORD
  5
1000029E
102
{ACAD_REACTORS
330
1000029C
102
}
330
1000029C
100
AcDbXrecord
1000
JcS
  0
XRECORD
  5
100002A0
102
{ACAD_REACTORS
330
1000029C
102
}
330
1000029C
100
AcDbXrecord
1000
JWD
  0
XRECORD
  5
100002A3
102
{ACAD_REACTORS
330
100002A2
102
}
330
100002A2
100
AcDbXrecord
1000
Ka5P
  0
XRECORD
  5
100002A4
102
{ACAD_REACTORS
330
100002A2
102
}
330
100002A2
100
AcDbXrecord
1000
JWD
  0
XRECORD
  5
100002A9
102
{ACAD_REACTORS
330
100002A6
102
}
330
100002A6
100
AcDbXrecord
 40
1.0
  0
XRECORD
  5
100002A7
102
{ACAD_REACTORS
330
100002A6
102
}
330
100002A6
100
AcDbXrecord
1000
KaZP
  0
XRECORD
  5
100002A8
102
{ACAD_REACTORS
330
100002A6
102
}
330
100002A6
100
AcDbXrecord
1000
JcS
  0
XRECORD
  5
100002AA
102
{ACAD_REACTORS
330
100002A6
102
}
330
100002A6
100
AcDbXrecord
1000
JWD
  0
XRECORD
  5
100002AF
102
{ACAD_REACTORS
330
100002AC
102
}
330
100002AC
100
AcDbXrecord
 40
27.25
  0
XRECORD
  5
100002AD
102
{ACAD_REACTORS
330
100002AC
102
}
330
100002AC
100
AcDbXrecord
1000
KaZW
  0
XRECORD
  5
100002AE
102
{ACAD_REACTORS
330
100002AC
102
}
330
100002AC
100
AcDbXrecord
1000
JcS
  0
XRECORD
  5
100002B0
102
{ACAD_REACTORS
330
100002AC
102
}
330
100002AC
100
AcDbXrecord
1000
JWD
  0
XRECORD
  5
100002B5
102
{ACAD_REACTORS
330
100002B2
102
}
330
100002B2
100
AcDbXrecord
 40
1.0
  0
XRECORD
  5
100002B3
102
{ACAD_REACTORS
330
100002B2
102
}
330
100002B2
100
AcDbXrecord
1000
KapQ
  0
XRECORD
  5
100002B4
102
{ACAD_REACTORS
330
100002B2
102
}
330
100002B2
100
AcDbXrecord
1000
JcS
  0
XRECORD
  5
100002B6
102
{ACAD_REACTORS
330
100002B2
102
}
330
100002B2
100
AcDbXrecord
1000
JWD
  0
XRECORD
  5
100002B9
102
{ACAD_REACTORS
330
100002B8
102
}
330
100002B8
100
AcDbXrecord
1000
Ka9Q
  0
XRECORD
  5
100002BA
102
{ACAD_REACTORS
330
100002B8
102
}
330
100002B8
100
AcDbXrecord
1000
JWD
  0
XRECORD
  5
100002BF
102
{ACAD_REACTORS
330
100002BC
102
}
330
100002BC
100
AcDbXrecord
 40
1.500000000000006
  0
XRECORD
  5
100002BD
102
{ACAD_REACTORS
330
100002BC
102
}
330
100002BC
100
AcDbXrecord
1000
KaFQ
  0
XRECORD
  5
100002BE
102
{ACAD_REACTORS
330
100002BC
102
}
330
100002BC
100
AcDbXrecord
1000
JcS
  0
XRECORD
  5
100002C0
102
{ACAD_REACTORS
330
100002BC
102
}
330
100002BC
100
AcDbXrecord
1000
JWD
  0
XRECORD
  5
100002C3
102
{ACAD_REACTORS
330
100002C2
102
}
330
100002C2
100
AcDbXrecord
1000
Ka5Q
  0
XRECORD
  5
100002C4
102
{ACAD_REACTORS
330
100002C2
102
}
330
100002C2
100
AcDbXrecord
1000
JWD
  0
XRECORD
  5
100002C9
102
{ACAD_REACTORS
330
100002C6
102
}
330
100002C6
100
AcDbXrecord
 40
1.0
  0
XRECORD
  5
100002C7
102
{ACAD_REACTORS
330
100002C6
102
}
330
100002C6
100
AcDbXrecord
1000
KaZQ
  0
XRECORD
  5
100002C8
102
{ACAD_REACTORS
330
100002C6
102
}
330
100002C6
100
AcDbXrecord
1000
JcS
  0
XRECORD
  5
100002CA
102
{ACAD_REACTORS
330
100002C6
102
}
330
100002C6
100
AcDbXrecord
1000
JWD
  0
XRECORD
  5
100002CF
102
{ACAD_REACTORS
330
100002CC
102
}
330
100002CC
100
AcDbXrecord
 40
27.25
  0
XRECORD
  5
100002CD
102
{ACAD_REACTORS
330
100002CC
102
}
330
100002CC
100
AcDbXrecord
1000
KadW
  0
XRECORD
  5
100002CE
102
{ACAD_REACTORS
330
100002CC
102
}
330
100002CC
100
AcDbXrecord
1000
JcS
  0
XRECORD
  5
100002D0
102
{ACAD_REACTORS
330
100002CC
102
}
330
100002CC
100
AcDbXrecord
1000
JWD
  0
XRECORD
  5
100002D5
102
{ACAD_REACTORS
330
100002D2
102
}
330
100002D2
100
AcDbXrecord
 40
1.0
  0
XRECORD
  5
100002D3
102
{ACAD_REACTORS
330
100002D2
102
}
330
100002D2
100
AcDbXrecord
1000
KapR
  0
XRECORD
  5
100002D4
102
{ACAD_REACTORS
330
100002D2
102
}
330
100002D2
100
AcDbXrecord
1000
JcS
  0
XRECORD
  5
100002D6
102
{ACAD_REACTORS
330
100002D2
102
}
330
100002D2
100
AcDbXrecord
1000
JWD
  0
XRECORD
  5
100002D9
102
{ACAD_REACTORS
330
100002D8
102
}
330
100002D8
100
AcDbXrecord
1000
Ka9R
  0
XRECORD
  5
100002DA
102
{ACAD_REACTORS
330
100002D8
102
}
330
100002D8
100
AcDbXrecord
1000
JWD
  0
XRECORD
  5
100002DF
102
{ACAD_REACTORS
330
100002DC
102
}
330
100002DC
100
AcDbXrecord
 40
1.500000000000006
  0
XRECORD
  5
100002DD
102
{ACAD_REACTORS
330
100002DC
102
}
330
100002DC
100
AcDbXrecord
1000
KaFR
  0
XRECORD
  5
100002DE
102
{ACAD_REACTORS
330
100002DC
102
}
330
100002DC
100
AcDbXrecord
1000
JcS
  0
XRECORD
  5
100002E0
102
{ACAD_REACTORS
330
100002DC
102
}
330
100002DC
100
AcDbXrecord
1000
JWD
  0
XRECORD
  5
100002E3
102
{ACAD_REACTORS
330
100002E2
102
}
330
100002E2
100
AcDbXrecord
1000
Ka5R
  0
XRECORD
  5
100002E4
102
{ACAD_REACTORS
330
100002E2
102
}
330
100002E2
100
AcDbXrecord
1000
JWD
  0
XRECORD
  5
100002E9
102
{ACAD_REACTORS
330
100002E6
102
}
330
100002E6
100
AcDbXrecord
 40
1.0
  0
XRECORD
  5
100002E7
102
{ACAD_REACTORS
330
100002E6
102
}
330
100002E6
100
AcDbXrecord
1000
KaZR
  0
XRECORD
  5
100002E8
102
{ACAD_REACTORS
330
100002E6
102
}
330
100002E6
100
AcDbXrecord
1000
JcS
  0
XRECORD
  5
100002EA
102
{ACAD_REACTORS
330
100002E6
102
}
330
100002E6
100
AcDbXrecord
1000
JWD
  0
XRECORD
  5
100002EF
102
{ACAD_REACTORS
330
100002EC
102
}
330
100002EC
100
AcDbXrecord
 40
27.25
  0
XRECORD
  5
100002ED
102
{ACAD_REACTORS
330
100002EC
102
}
330
100002EC
100
AcDbXrecord
1000
KahW
  0
XRECORD
  5
100002EE
102
{ACAD_REACTORS
330
100002EC
102
}
330
100002EC
100
AcDbXrecord
1000
JcS
  0
XRECORD
  5
100002F0
102
{ACAD_REACTORS
330
100002EC
102
}
330
100002EC
100
AcDbXrecord
1000
JWD
  0
XRECORD
  5
100002F5
102
{ACAD_REACTORS
330
100002F2
102
}
330
100002F2
100
AcDbXrecord
 40
1.0
  0
XRECORD
  5
100002F3
102
{ACAD_REACTORS
330
100002F2
102
}
330
100002F2
100
AcDbXrecord
1000
KapS
  0
XRECORD
  5
100002F4
102
{ACAD_REACTORS
330
100002F2
102
}
330
100002F2
100
AcDbXrecord
1000
JcS
  0
XRECORD
  5
100002F6
102
{ACAD_REACTORS
330
100002F2
102
}
330
100002F2
100
AcDbXrecord
1000
JWD
  0
XRECORD
  5
100002F9
102
{ACAD_REACTORS
330
100002F8
102
}
330
100002F8
100
AcDbXrecord
1000
Ka9S
  0
XRECORD
  5
100002FA
102
{ACAD_REACTORS
330
100002F8
102
}
330
100002F8
100
AcDbXrecord
1000
JWD
  0
XRECORD
  5
100002FF
102
{ACAD_REACTORS
330
100002FC
102
}
330
100002FC
100
AcDbXrecord
 40
1.500000000000006
  0
XRECORD
  5
100002FD
102
{ACAD_REACTORS
330
100002FC
102
}
330
100002FC
100
AcDbXrecord
1000
KaFS
  0
XRECORD
  5
100002FE
102
{ACAD_REACTORS
330
100002FC
102
}
330
100002FC
100
AcDbXrecord
1000
JcS
  0
XRECORD
  5
10000300
102
{ACAD_REACTORS
330
100002FC
102
}
330
100002FC
100
AcDbXrecord
1000
JWD
  0
XRECORD
  5
10000303
102
{ACAD_REACTORS
330
10000302
102
}
330
10000302
100
AcDbXrecord
1000
Ka5S
  0
XRECORD
  5
10000304
102
{ACAD_REACTORS
330
10000302
102
}
330
10000302
100
AcDbXrecord
1000
JWD
  0
XRECORD
  5
10000309
102
{ACAD_REACTORS
330
10000306
102
}
330
10000306
100
AcDbXrecord
 40
1.0
  0
XRECORD
  5
10000307
102
{ACAD_REACTORS
330
10000306
102
}
330
10000306
100
AcDbXrecord
1000
KaZS
  0
XRECORD
  5
10000308
102
{ACAD_REACTORS
330
10000306
102
}
330
10000306
100
AcDbXrecord
1000
JcS
  0
XRECORD
  5
1000030A
102
{ACAD_REACTORS
330
10000306
102
}
330
10000306
100
AcDbXrecord
1000
JWD
  0
XRECORD
  5
1000030F
102
{ACAD_REACTORS
330
1000030C
102
}
330
1000030C
100
AcDbXrecord
 40
10.0
  0
XRECORD
  5
1000030D
102
{ACAD_REACTORS
330
1000030C
102
}
330
1000030C
100
AcDbXrecord
1000
JWF
  0
XRECORD
  5
1000030E
102
{ACAD_REACTORS
330
1000030C
102
}
330
1000030C
100
AcDbXrecord
1000
JcS
  0
XRECORD
  5
10000310
102
{ACAD_REACTORS
330
1000030C
102
}
330
1000030C
100
AcDbXrecord
1000
JWD
  0
MATERIAL
  5
45
102
{ACAD_REACTORS
330
43
102
}
102
{ACAD_XDICTIONARY
360
10000346
102
}
330
43
100
AcDbMaterial
  1
BYBLOCK
  0
MATERIAL
  5
44
102
{ACAD_REACTORS
330
43
102
}
102
{ACAD_XDICTIONARY
360
10000344
102
}
330
43
100
AcDbMaterial
  1
BYLAYER
  0
MATERIAL
  5
46
102
{ACAD_REACTORS
330
43
102
}
102
{ACAD_XDICTIONARY
360
10000348
102
}
330
43
100
AcDbMaterial
  1
GLOBAL
  0
ACAD_PROXY_OBJECT
  5
5C
102
{ACAD_REACTORS
330
5B
102
}
330
5B
100
AcDbProxyObject
 90
      499
 91
      505
 93
      610
310
40901902A4063FBFFFFFE0000000000000020400000000000020404214DD185B99185C990000000000000104090141901A00000000000004100000000000000041025764000000000000039000
340
14
340
0
340
11
340
0
 94
        0
1001
ACAD_MLEADERVER
1070
     2
  0
MLINESTYLE
  5
18
102
{ACAD_REACTORS
330
17
102
}
330
17
100
AcDbMlineStyle
  2
Standard
 70
     0
  3

 62
   256
 51
90.0
 52
90.0
 71
     2
 49
0.5
 62
   256
  6
BYLAYER
 49
-0.5
 62
   256
  6
BYLAYER
  0
ACAD_PROXY_OBJECT
  5
10000023
102
{ACAD_REACTORS
330
47
102
}
330
47
100
AcDbProxyObject
 90
      499
 91
      503
 93
      121
310
9053130303A310000000000001650100
  0
ACAD_PROXY_OBJECT
  5
1000001D
102
{ACAD_REACTORS
330
47
102
}
330
47
100
AcDbProxyObject
 90
      499
 91
      503
 93
      113
310
90431303A310000000000000910100
  0
ACAD_PROXY_OBJECT
  5
1000001E
102
{ACAD_REACTORS
330
47
102
}
330
47
100
AcDbProxyObject
 90
      499
 91
      503
 93
      113
310
90431323A310000000000000A10100
  0
ACAD_PROXY_OBJECT
  5
1000001F
102
{ACAD_REACTORS
330
47
102
}
330
47
100
AcDbProxyObject
 90
      499
 91
      503
 93
      113
310
90431363A310000000000000C10100
  0
ACAD_PROXY_OBJECT
  5
10000006
102
{ACAD_REACTORS
330
47
102
}
330
47
100
AcDbProxyObject
 90
      499
 91
      503
 93
       41
310
903313A31500
  0
ACAD_PROXY_OBJECT
  5
1000000D
102
{ACAD_REACTORS
330
47
102
}
330
47
100
AcDbProxyObject
 90
      499
 91
      503
 93
      113
310
904313A31304000000000000244000
  0
ACAD_PROXY_OBJECT
  5
10000016
102
{ACAD_REACTORS
330
47
102
}
330
47
100
AcDbProxyObject
 90
      499
 91
      503
 93
      121
310
905313A3130304000000000000594000
  0
ACAD_PROXY_OBJECT
  5
1000000E
102
{ACAD_REACTORS
330
47
102
}
330
47
100
AcDbProxyObject
 90
      499
 91
      503
 93
      113
310
904313A31324000000000000284000
  0
ACAD_PROXY_OBJECT
  5
1000000F
102
{ACAD_REACTORS
330
47
102
}
330
47
100
AcDbProxyObject
 90
      499
 91
      503
 93
      113
310
904313A31364000000000000304000
  0
ACAD_PROXY_OBJECT
  5
10000007
102
{ACAD_REACTORS
330
47
102
}
330
47
100
AcDbProxyObject
 90
      499
 91
      503
 93
      105
310
903313A324000000000000004000
  0
ACAD_PROXY_OBJECT
  5
10000010
102
{ACAD_REACTORS
330
47
102
}
330
47
100
AcDbProxyObject
 90
      499
 91
      503
 93
      113
310
904313A32304000000000000344000
  0
ACAD_PROXY_OBJECT
  5
10000011
102
{ACAD_REACTORS
330
47
102
}
330
47
100
AcDbProxyObject
 90
      499
 91
      503
 93
      113
310
904313A32354000000000000394000
  0
ACAD_PROXY_OBJECT
  5
10000008
102
{ACAD_REACTORS
330
47
102
}
330
47
100
AcDbProxyObject
 90
      499
 91
      503
 93
      105
310
903313A334000000000000084000
  0
ACAD_PROXY_OBJECT
  5
10000012
102
{ACAD_REACTORS
330
47
102
}
330
47
100
AcDbProxyObject
 90
      499
 91
      503
 93
      113
310
904313A33324000000000000404000
  0
ACAD_PROXY_OBJECT
  5
10000009
102
{ACAD_REACTORS
330
47
102
}
330
47
100
AcDbProxyObject
 90
      499
 91
      503
 93
      105
310
903313A344000000000000104000
  0
ACAD_PROXY_OBJECT
  5
10000013
102
{ACAD_REACTORS
330
47
102
}
330
47
100
AcDbProxyObject
 90
      499
 91
      503
 93
      113
310
904313A34304000000000000444000
  0
ACAD_PROXY_OBJECT
  5
1000000A
102
{ACAD_REACTORS
330
47
102
}
330
47
100
AcDbProxyObject
 90
      499
 91
      503
 93
      105
310
903313A354000000000000144000
  0
ACAD_PROXY_OBJECT
  5
10000014
102
{ACAD_REACTORS
330
47
102
}
330
47
100
AcDbProxyObject
 90
      499
 91
      503
 93
      113
310
904313A35304000000000000494000
  0
ACAD_PROXY_OBJECT
  5
1000000B
102
{ACAD_REACTORS
330
47
102
}
330
47
100
AcDbProxyObject
 90
      499
 91
      503
 93
      105
310
903313A364000000000000184000
  0
ACAD_PROXY_OBJECT
  5
1000000C
102
{ACAD_REACTORS
330
47
102
}
330
47
100
AcDbProxyObject
 90
      499
 91
      503
 93
      105
310
903313A384000000000000204000
  0
ACAD_PROXY_OBJECT
  5
10000015
102
{ACAD_REACTORS
330
47
102
}
330
47
100
AcDbProxyObject
 90
      499
 91
      503
 93
      113
310
904313A38304000000000000544000
  0
ACAD_PROXY_OBJECT
  5
10000020
102
{ACAD_REACTORS
330
47
102
}
330
47
100
AcDbProxyObject
 90
      499
 91
      503
 93
      113
310
90432303A310000000000000D10100
  0
ACAD_PROXY_OBJECT
  5
10000017
102
{ACAD_REACTORS
330
47
102
}
330
47
100
AcDbProxyObject
 90
      499
 91
      503
 93
      105
310
903323A310000000000000010100
  0
ACAD_PROXY_OBJECT
  5
10000021
102
{ACAD_REACTORS
330
47
102
}
330
47
100
AcDbProxyObject
 90
      499
 91
      503
 93
      113
310
90433323A310000000000001010100
  0
ACAD_PROXY_OBJECT
  5
10000018
102
{ACAD_REACTORS
330
47
102
}
330
47
100
AcDbProxyObject
 90
      499
 91
      503
 93
      105
310
903333A310000000000000210100
  0
ACAD_PROXY_OBJECT
  5
10000019
102
{ACAD_REACTORS
330
47
102
}
330
47
100
AcDbProxyObject
 90
      499
 91
      503
 93
      105
310
903343A310000000000000410100
  0
ACAD_PROXY_OBJECT
  5
10000022
102
{ACAD_REACTORS
330
47
102
}
330
47
100
AcDbProxyObject
 90
      499
 91
      503
 93
      113
310
90435303A310000000000001250100
  0
ACAD_PROXY_OBJECT
  5
1000001A
102
{ACAD_REACTORS
330
47
102
}
330
47
100
AcDbProxyObject
 90
      499
 91
      503
 93
      105
310
903353A310000000000000510100
  0
ACAD_PROXY_OBJECT
  5
1000001B
102
{ACAD_REACTORS
330
47
102
}
330
47
100
AcDbProxyObject
 90
      499
 91
      503
 93
      105
310
903363A310000000000000610100
  0
ACAD_PROXY_OBJECT
  5
1000001C
102
{ACAD_REACTORS
330
47
102
}
330
47
100
AcDbProxyObject
 90
      499
 91
      503
 93
      105
310
903383A310000000000000810100
  0
ACAD_PROXY_OBJECT
  5
2F
102
{ACAD_REACTORS
330
2A
102
}
330
2A
100
AcDbProxyObject
 90
      499
 91
      501
 93
      436
310
42CC9915DA5C99599C985B595049028333333333333E33F0000000000000F90107901411070040501600405405064090741402480A0340
1001
ACAD
1000
AcDbSavedByObjectVersion
1070
     0
  0
ACAD_PROXY_OBJECT
  5
32
102
{ACAD_REACTORS
330
2A
102
}
330
2A
100
AcDbProxyObject
 90
      499
 91
      501
 93
      388
310
4150985CDA58D07406404333333333333E33F0000000000000F90107A41107004050150841D405064090741402480A0350
1001
ACAD
1000
AcDbSavedByObjectVersion
1070
     0
  0
ACAD_PROXY_OBJECT
  5
36
102
{ACAD_REACTORS
330
2A
102
}
330
2A
100
AcDbProxyObject
 90
      499
 91
      501
 93
      428
310
42109C9A59DA1D195B90C409028333333333333E33F0000000000000F9010790141107004050150841D405064090741402480A029950
1001
ACAD
1000
AcDbSavedByObjectVersion
1070
     0
  0
ACAD_PROXY_OBJECT
  5
3A
102
{ACAD_REACTORS
330
2A
102
}
330
2A
100
AcDbProxyObject
 90
      499
 91
      501
 93
      452
310
42D0DBDB1BDC90DA185B99D95104090240C333333333333E33F0000000000000F90108901411070040501508421405064090741402480A0350
1001
ACAD
1000
AcDbSavedByObjectVersion
1070
     0
  0
ACAD_PROXY_OBJECT
  5
34
102
{ACAD_REACTORS
330
2A
102
}
330
2A
100
AcDbProxyObject
 90
      499
 91
      501
 93
      500
310
4290DBDB98D95C1D1D585B10940D028333333333333E33F0000000000000F90107902409070040501000000000018199010841D405064090740C02480A0340
1001
ACAD
1000
AcDbSavedByObjectVersion
1070
     0
  0
ACAD_PROXY_OBJECT
  5
35
102
{ACAD_REACTORS
330
2A
102
}
330
2A
100
AcDbProxyObject
 90
      499
 91
      501
 93
      412
310
40D11A5B50B409028333333333333E33F0000000000000F9010790141107004050150841D405064090741402480A02677FFFFFD0
1001
ACAD
1000
AcDbSavedByObjectVersion
1070
     0
  0
ACAD_PROXY_OBJECT
  5
3D
102
{ACAD_REACTORS
330
2A
102
}
330
2A
100
AcDbProxyObject
 90
      499
 91
      501
 93
      452
310
43115919D950DBDB1BDC93D999916409028333333333333E33F0000000000000F9010790141107004050150841D405064090741402480A0350
1001
ACAD
1000
AcDbSavedByObjectVersion
1070
     0
  0
ACAD_PROXY_OBJECT
  5
39
102
{ACAD_REACTORS
330
2A
102
}
330
2A
100
AcDbProxyObject
 90
      499
 91
      501
 93
      444
310
42D19858D95C185D1D195C9B90F409028333333333333E33F0000000000000F9010790141107004050150841D405064090741402480A0350
1001
ACAD
1000
AcDbSavedByObjectVersion
1070
     0
  0
ACAD_PROXY_OBJECT
  5
2B
102
{ACAD_REACTORS
330
2A
102
}
330
2A
100
AcDbProxyObject
 90
      499
 91
      501
 93
      380
310
41119B185D240901404333333333333E33F0000000000000F9010740A907004050150841D405064090741402480A1B50
1001
ACAD
1000
AcDbSavedByObjectVersion
1070
     0
  0
ACAD_PROXY_OBJECT
  5
2C
102
{ACAD_REACTORS
330
2A
102
}
330
2A
100
AcDbProxyObject
 90
      499
 91
      501
 93
      468
310
43519B185D15DA5D1A115919D95CD0140901404333333333333E33F0000000000000F90107409019070040501600405405064090741402480A1B50
1001
ACAD
1000
AcDbSavedByObjectVersion
1070
     0
  0
ACAD_PROXY_OBJECT
  5
2D
102
{ACAD_REACTORS
330
2A
102
}
330
2A
100
AcDbProxyObject
 90
      499
 91
      501
 93
      404
310
41D1DBDD5C985D5910240902404333333333333E33F0000000000000F9010740A9070040501641D405064090741402480A1B50
1001
ACAD
1000
AcDbSavedByObjectVersion
1070
     0
  0
ACAD_PROXY_OBJECT
  5
2E
102
{ACAD_REACTORS
330
2A
102
}
330
2A
100
AcDbProxyObject
 90
      499
 91
      501
 93
      492
310
4411DBDD5C985D5915DA5D1A115919D95CD0340902404333333333333E33F0000000000000F90107409019070040501600405405064090741402480A1B50
1001
ACAD
1000
AcDbSavedByObjectVersion
1070
     0
  0
ACAD_PROXY_OBJECT
  5
31
102
{ACAD_REACTORS
330
2A
102
}
330
2A
100
AcDbProxyObject
 90
      499
 91
      501
 93
      476
310
41921A5919195B90640502408333333333333E33F0000000000000F901079024090700405020000000000001110200405405064090740C02480A0340
1001
ACAD
1000
AcDbSavedByObjectVersion
1070
     0
  0
ACAD_PROXY_OBJECT
  5
3B
102
{ACAD_REACTORS
330
2A
102
}
330
2A
100
AcDbProxyObject
 90
      499
 91
      501
 93
      428
310
42529A5D1D195C93D999914409028333333333333E33F0000000000000F9010790141107004050150A41D405064090741402480A0350
1001
ACAD
1000
AcDbSavedByObjectVersion
1070
     0
  0
ACAD_PROXY_OBJECT
  5
38
102
{ACAD_REACTORS
330
2A
102
}
330
2A
100
AcDbProxyObject
 90
      499
 91
      501
 93
      444
310
42D31A5B995C185D1D195C9B90E409028333333333333E33F0000000000000F9010790141107004050750841D405064090741402483A0350
1001
ACAD
1000
AcDbSavedByObjectVersion
1070
     0
  0
ACAD_PROXY_OBJECT
  5
3C
102
{ACAD_REACTORS
330
2A
102
}
330
2A
100
AcDbProxyObject
 90
      499
 91
      501
 93
      444
310
42D3DD995C9A185B99D3D999915409028333333333333E33F0000000000000F9010790141107004050150941D405064090741402480A0350
1001
ACAD
1000
AcDbSavedByObjectVersion
1070
     0
  0
ACAD_PROXY_OBJECT
  5
33
102
{ACAD_REACTORS
330
2A
102
}
330
2A
100
AcDbProxyObject
 90
      499
 91
      501
 93
      428
310
425499585B1A5CDD1A58D08409038333333333333E33F0000000000000F9010740A907004050150800405405064090740C02480A1B40
1001
ACAD
1000
AcDbSavedByObjectVersion
1070
     0
  0
ACAD_PROXY_OBJECT
  5
42
102
{ACAD_REACTORS
330
2A
102
}
330
2A
100
AcDbProxyObject
 90
      499
 91
      501
 93
      420
310
4194DA1859195911B40902404333333333333E33F0000000000000F9010740A41107004050150800405405064090840C02480A0B40
1001
ACAD
1000
AcDbSavedByObjectVersion
1070
     0
  0
ACAD_PROXY_OBJECT
  5
41
102
{ACAD_REACTORS
330
2A
102
}
330
2A
100
AcDbProxyObject
 90
      499
 91
      501
 93
      516
310
4454DA18591959081DDA5D1A08195919D95CD1A40902404333333333333E33F0000000000000F901074090142907004050250800405405064090740C02480A0B40
1001
ACAD
1000
AcDbSavedByObjectVersion
1070
     0
  0
ACAD_PROXY_OBJECT
  5
3E
102
{ACAD_REACTORS
330
2A
102
}
330
2A
100
AcDbProxyObject
 90
      499
 91
      501
 93
      532
310
4394DA1859195CC81BD98811DC985E5174090240C333333333333E33F0000000000000F901079024090741D01000000000000111010841D405064090740C02480A0340
1001
ACAD
1000
AcDbSavedByObjectVersion
1070
     0
  0
ACAD_PROXY_OBJECT
  5
3F
102
{ACAD_REACTORS
330
2A
102
}
330
2A
100
AcDbProxyObject
 90
      499
 91
      501
 93
      476
310
41D4DAD95D18DA1E51840502408333333333333E33F0000000000000F901079024090741D01000000000000111010B41D405064090741802480A0340
1001
ACAD
1000
AcDbSavedByObjectVersion
1070
     0
  0
ACAD_PROXY_OBJECT
  5
37
102
{ACAD_REACTORS
330
2A
102
}
330
2A
100
AcDbProxyObject
 90
      499
 91
      501
 93
      412
310
41D51A1A58DAD95B90D409028333333333333E33F0000000000000F9010790141107004050150C41D405064090741402480A0350
1001
ACAD
1000
AcDbSavedByObjectVersion
1070
     0
  0
ACAD_PROXY_OBJECT
  5
30
102
{ACAD_REACTORS
330
2A
102
}
330
2A
100
AcDbProxyObject
 90
      499
 91
      501
 93
      420
310
4255DA5C99599C985B595059028333333333333E33F0000000000000F90107901411070040501600405405064090740C02480A0340
1001
ACAD
1000
AcDbSavedByObjectVersion
1070
     0
  0
ACAD_PROXY_OBJECT
  5
40
102
{ACAD_REACTORS
330
2A
102
}
330
2A
100
AcDbProxyObject
 90
      499
 91
      501
 93
      404
310
41560B54985E51940902404000000000000E03F0000000000000F9010740501907004050150841D405064090740C02480A1B40
1001
ACAD
1000
AcDbSavedByObjectVersion
1070
     0
  0
XRECORD
  5
1000031D
102
{ACAD_REACTORS
330
10000313
102
}
330
10000313
100
AcDbXrecord
340
0
  0
XRECORD
  5
1000031C
102
{ACAD_REACTORS
330
10000313
102
}
330
10000313
100
AcDbXrecord
 90
        0
  0
XRECORD
  5
10000333
102
{ACAD_REACTORS
330
10000313
102
}
330
10000313
100
AcDbXrecord
1000
DSTYLE
1002
{
1070
   340
340
11
1002
}
  0
XRECORD
  5
1000031E
102
{ACAD_REACTORS
330
10000313
102
}
330
10000313
100
AcDbXrecord
  1
{73386374-7465-3072-7375-6176b5637439}
  0
XRECORD
  5
10000316
102
{ACAD_REACTORS
330
10000313
102
}
330
10000313
100
AcDbXrecord
  1

  0
XRECORD
  5
1000031B
102
{ACAD_REACTORS
330
10000313
102
}
330
10000313
100
AcDbXrecord
 90
        4
  0
XRECORD
  5
10000318
102
{ACAD_REACTORS
330
10000313
102
}
330
10000313
100
AcDbXrecord
340
1A
  0
XRECORD
  5
1000031A
102
{ACAD_REACTORS
330
10000313
102
}
330
10000313
100
AcDbXrecord
 90
    10781
  0
XRECORD
  5
10000319
102
{ACAD_REACTORS
330
10000313
102
}
330
10000313
100
AcDbXrecord
340
19
  0
XRECORD
  5
10000320
102
{ACAD_REACTORS
330
10000313
102
}
330
10000313
100
AcDbXrecord
 40
0.0
  0
XRECORD
  5
10000323
102
{ACAD_REACTORS
330
10000313
102
}
330
10000313
100
AcDbXrecord
340
0
  0
XRECORD
  5
10000329
102
{ACAD_REACTORS
330
10000313
102
}
330
10000313
100
AcDbXrecord
 10
0.0
 20
0.0
 30
0.0
  0
XRECORD
  5
10000325
102
{ACAD_REACTORS
330
10000313
102
}
330
10000313
100
AcDbXrecord
 10
0.0
 20
0.0
 30
0.0
  0
XRECORD
  5
10000328
102
{ACAD_REACTORS
330
10000313
102
}
330
10000313
100
AcDbXrecord
 10
0.0
 20
0.0
 30
0.0
  0
XRECORD
  5
10000326
102
{ACAD_REACTORS
330
10000313
102
}
330
10000313
100
AcDbXrecord
 10
0.0
 20
0.0
 30
0.0
  0
XRECORD
  5
10000327
102
{ACAD_REACTORS
330
10000313
102
}
330
10000313
100
AcDbXrecord
 10
0.0
 20
0.0
 30
0.0
  0
XRECORD
  5
10000324
102
{ACAD_REACTORS
330
10000313
102
}
330
10000313
100
AcDbXrecord
 10
0.0
 20
0.0
 30
0.0
  0
XRECORD
  5
10000321
102
{ACAD_REACTORS
330
10000313
102
}
330
10000313
100
AcDbXrecord
340
0
  0
XRECORD
  5
10000322
102
{ACAD_REACTORS
330
10000313
102
}
330
10000313
100
AcDbXrecord
 70
     0
  0
XRECORD
  5
10000317
102
{ACAD_REACTORS
330
10000313
102
}
330
10000313
100
AcDbXrecord
  1

  0
XRECORD
  5
10000314
102
{ACAD_REACTORS
330
10000313
102
}
330
10000313
100
AcDbXrecord
 90
        1
  0
XRECORD
  5
10000315
102
{ACAD_REACTORS
330
10000313
102
}
330
10000313
100
AcDbXrecord
 90
       70
  0
XRECORD
  5
1000032C
102
{ACAD_REACTORS
330
10000313
102
}
330
10000313
100
AcDbXrecord
340
0
  0
XRECORD
  5
10000332
102
{ACAD_REACTORS
330
10000313
102
}
330
10000313
100
AcDbXrecord
 10
0.0
 20
0.0
 30
0.0
  0
XRECORD
  5
1000032E
102
{ACAD_REACTORS
330
10000313
102
}
330
10000313
100
AcDbXrecord
 10
0.0
 20
0.0
 30
0.0
  0
XRECORD
  5
10000331
102
{ACAD_REACTORS
330
10000313
102
}
330
10000313
100
AcDbXrecord
 10
0.0
 20
0.0
 30
0.0
  0
XRECORD
  5
1000032F
102
{ACAD_REACTORS
330
10000313
102
}
330
10000313
100
AcDbXrecord
 10
0.0
 20
0.0
 30
0.0
  0
XRECORD
  5
10000330
102
{ACAD_REACTORS
330
10000313
102
}
330
10000313
100
AcDbXrecord
 10
0.0
 20
0.0
 30
0.0
  0
XRECORD
  5
1000032D
102
{ACAD_REACTORS
330
10000313
102
}
330
10000313
100
AcDbXrecord
 10
0.0
 20
0.0
 30
0.0
  0
XRECORD
  5
1000032A
102
{ACAD_REACTORS
330
10000313
102
}
330
10000313
100
AcDbXrecord
340
0
  0
XRECORD
  5
1000032B
102
{ACAD_REACTORS
330
10000313
102
}
330
10000313
100
AcDbXrecord
 70
     0
  0
XRECORD
  5
1000031F
102
{ACAD_REACTORS
330
10000313
102
}
330
10000313
100
AcDbXrecord
  1
{FAEB1C32-E019-11D5-929B-00C0DF256EC4}
  0
DICTIONARYVAR
  5
10000342
102
{ACAD_REACTORS
330
10000334
102
}
330
10000334
100
DictionaryVariables
280
     0
  1
1:1
  0
DICTIONARYVAR
  5
1000033B
102
{ACAD_REACTORS
330
10000334
102
}
330
10000334
100
DictionaryVariables
280
     0
  1
3.500000
  0
DICTIONARYVAR
  5
1000033C
102
{ACAD_REACTORS
330
10000334
102
}
330
10000334
100
DictionaryVariables
280
     0
  1
acadiso.lin
  0
DICTIONARYVAR
  5
10000336
102
{ACAD_REACTORS
330
10000334
102
}
330
10000334
100
DictionaryVariables
280
     0
  1
Standard
  0
DICTIONARYVAR
  5
10000335
102
{ACAD_REACTORS
330
10000334
102
}
330
10000334
100
DictionaryVariables
280
     0
  1
Standard
  0
DICTIONARYVAR
  5
1000033D
102
{ACAD_REACTORS
330
10000334
102
}
330
10000334
100
DictionaryVariables
280
     0
  1
2
  0
DICTIONARYVAR
  5
1000033E
102
{ACAD_REACTORS
330
10000334
102
}
330
10000334
100
DictionaryVariables
280
     0
  1
1
  0
DICTIONARYVAR
  5
10000343
102
{ACAD_REACTORS
330
10000334
102
}
330
10000334
100
DictionaryVariables
280
     0
  1
1
  0
DICTIONARYVAR
  5
10000338
102
{ACAD_REACTORS
330
10000334
102
}
330
10000334
100
DictionaryVariables
280
     0
  1
80.000000
  0
DICTIONARYVAR
  5
10000337
102
{ACAD_REACTORS
330
10000334
102
}
330
10000334
100
DictionaryVariables
280
     0
  1
5.000000
  0
XRECORD
  5
10000003
102
{ACAD_REACTORS
330
10000001
102
}
330
10000001
100
AcDbXrecord
 70
     4
  0
XRECORD
  5
10000002
102
{ACAD_REACTORS
330
10000001
102
}
330
10000001
100
AcDbXrecord
1040
89.0
  0
ACAD_PROXY_OBJECT
  5
10000005
102
{ACAD_REACTORS
330
10000001
102
}
330
10000001
100
AcDbProxyObject
 90
      499
 91
      509
 93
       34
310
40C8804040
  0
DICTIONARY
  5
10000346
330
45
100
AcDbDictionary
280
     1
  3
ACAD_XREC_ROUNDTRIP
360
10000347
  0
DICTIONARY
  5
10000344
330
44
100
AcDbDictionary
280
     1
  3
ACAD_XREC_ROUNDTRIP
360
10000345
  0
DICTIONARY
  5
10000348
330
46
100
AcDbDictionary
280
     1
  3
ACAD_XREC_ROUNDTRIP
360
10000349
  0
XRECORD
  5
10000347
102
{ACAD_REACTORS
330
10000346
102
}
330
10000346
100
AcDbXrecord
102
MATERIAL
148
0.0
149
0.0
149
0.0
 93
        0
 94
      127
282
     0
 72
     1
 77
     1
171
     1
175
     1
179
     1
273
     0
  0
XRECORD
  5
10000345
102
{ACAD_REACTORS
330
10000344
102
}
330
10000344
100
AcDbXrecord
102
MATERIAL
148
0.0
149
0.0
149
0.0
 93
        0
 94
      127
282
     0
 72
     1
 77
     1
171
     1
175
     1
179
     1
273
     0
  0
XRECORD
  5
10000349
102
{ACAD_REACTORS
330
10000348
102
}
330
10000348
100
AcDbXrecord
102
MATERIAL
148
0.0
149
0.0
149
0.0
 93
        0
 94
      127
282
     0
 72
     1
 77
     1
171
     1
175
     1
179
     1
273
     0
  0
ENDSEC
  0
EOF
